part_number,description,unit_cost,sell_price,sell_price_source,inventory_cost_values,shipvia_sell_values,acc_sell_values,all_descriptions,source_locations,review_needed,review_reason,active
062GP,Polyurethane Rod Seal,2.2,,,2.2,,,Polyurethane Rod Seal,Inventory:171,NO,,YES
062GV,Viton Rod Seal,11.0,,,11.0,,,Viton Rod Seal,Inventory:14,NO,,YES
062RWP,Polyurethane Rod Wiper,0.77,,,0.77,,,Polyurethane Rod Wiper,Inventory:159,NO,,YES
062RWV,Viton Rod Wiper,5.779999999999999,,,5.779999999999999,,,Viton Rod Wiper,Inventory:2,NO,,YES
100GP,Polyurethane Rod Seal,4.4,,,4.4,,,Polyurethane Rod Seal,Inventory:172,NO,,YES
100GV,Viton Rod Seal,13.2,,,13.2,,,Viton Rod Seal,Inventory:15,NO,,YES
100RWP,Polyurethane Rod Wiper,0.99,,,0.99,,,Polyurethane Rod Wiper,Inventory:160,NO,,YES
100RWV,Viton Rod Wiper,6.22,,,6.22,,,Viton Rod Wiper,Inventory:3,NO,,YES
138GP,Polyurethane Rod Seal,4.4,,,4.4,,,Polyurethane Rod Seal,Inventory:173,NO,,YES
138GV,Viton Rod Seal,15.4,,,15.4,,,Viton Rod Seal,Inventory:16,NO,,YES
138RWP,Polyurethane Rod Wiper,1.1,,,1.1,,,Polyurethane Rod Wiper,Inventory:161,NO,,YES
138RWV,Viton Rod Wiper,11.55,,,11.55,,,Viton Rod Wiper,Inventory:4,NO,,YES
175GP,Polyurethane Rod Seal,3.3,,,3.3,,,Polyurethane Rod Seal,Inventory:174,NO,,YES
175GV,Viton Rod Seal,18.7,,,18.7,,,Viton Rod Seal,Inventory:17,NO,,YES
175RWP,Polyurethane Rod Wiper,1.32,,,1.32,,,Polyurethane Rod Wiper,Inventory:162,NO,,YES
175RWV,Viton Rod Wiper,17.6,,,17.6,,,Viton Rod Wiper,Inventory:5,NO,,YES
200GP,Polyurethane Rod Seal,5.5,,,5.5,,,Polyurethane Rod Seal,Inventory:175,NO,,YES
200GV,Viton Rod Seal,20.9,,,20.9,,,Viton Rod Seal,Inventory:18,NO,,YES
200RWP,Polyurethane Rod Wiper,1.76,,,1.76,,,Polyurethane Rod Wiper,Inventory:163,NO,,YES
200RWV,Viton Rod Wiper,8.8,,,8.8,,,Viton Rod Wiper,Inventory:6,NO,,YES
250GP,Polyurethane Rod Seal,5.5,,,5.5,,,Polyurethane Rod Seal,Inventory:176,NO,,YES
250GV,Viton Rod Seal,23.1,,,23.1,,,Viton Rod Seal,Inventory:19,NO,,YES
250RWP,Polyurethane Rod Wiper,2.75,,,2.75,,,Polyurethane Rod Wiper,Inventory:164,NO,,YES
250RWV,Viton Rod Wiper,9.9,,,9.9,,,Viton Rod Wiper,Inventory:7,NO,,YES
300GP,Polyurethane Rod Seal,6.6,,,6.6,,,Polyurethane Rod Seal,Inventory:177,NO,,YES
300GV,Viton Rod Seal,26.4,,,26.4,,,Viton Rod Seal,Inventory:20,NO,,YES
300RWP,Polyurethane Rod Wiper,3.3,,,3.3,,,Polyurethane Rod Wiper,Inventory:165,NO,,YES
300RWV,Viton Rod Wiper,13.2,,,13.2,,,Viton Rod Wiper,Inventory:8,NO,,YES
350GP,Polyurethane Rod Seal,7.7,,,7.7,,,Polyurethane Rod Seal,Inventory:178,NO,,YES
350GV,Viton Rod Seal,30.8,,,30.8,,,Viton Rod Seal,Inventory:21,NO,,YES
350RWP,Polyurethane Rod Wiper,3.52,,,3.52,,,Polyurethane Rod Wiper,Inventory:166,NO,,YES
350RWV,Viton Rod Wiper,16.5,,,16.5,,,Viton Rod Wiper,Inventory:9,NO,,YES
400GP,Polyurethane Rod Seal,9.9,,,9.9,,,Polyurethane Rod Seal,Inventory:179,NO,,YES
400GV,Viton Rod Seal,38.5,,,38.5,,,Viton Rod Seal,Inventory:22,NO,,YES
400RWP,Polyurethane Rod Wiper,5.5,,,5.5,,,Polyurethane Rod Wiper,Inventory:167,NO,,YES
400RWV,Viton Rod Wiper,18.7,,,18.7,,,Viton Rod Wiper,Inventory:10,NO,,YES
450GP,Polyurethane Rod Seal,9.9,,,9.9,,,Polyurethane Rod Seal,Inventory:180,NO,,YES
450GV,Viton Rod Seal,47.3,,,47.3,,,Viton Rod Seal,Inventory:23,NO,,YES
450RWP,Polyurethane Rod Wiper,6.6,,,6.6,,,Polyurethane Rod Wiper,Inventory:168,NO,,YES
450RWV,Viton Rod Wiper,19.8,,,19.8,,,Viton Rod Wiper,Inventory:11,NO,,YES
500GP,Polyurethane Rod Seal,11.0,,,11.0,,,Polyurethane Rod Seal,Inventory:181,NO,,YES
500GV,Viton Rod Seal,57.2,,,57.2,,,Viton Rod Seal,Inventory:24,NO,,YES
500RWP,Polyurethane Rod Wiper,7.7,,,7.7,,,Polyurethane Rod Wiper,Inventory:169,NO,,YES
500RWV,Viton Rod Wiper,19.8,,,19.8,,,Viton Rod Wiper,Inventory:12,NO,,YES
550GP,Polyurethane Rod Seal,11.0,,,11.0,,,Polyurethane Rod Seal,Inventory:182,NO,,YES
550GV,Viton Rod Seal,7.7,,,7.7,,,Viton Rod Seal,Inventory:25,NO,,YES
550RWP,Polyurethane Rod Wiper,9.9,,,9.9,,,Polyurethane Rod Wiper,Inventory:170,NO,,YES
550RWV,Viton Rod Wiper,20.9,,,20.9,,,Viton Rod Wiper,Inventory:13,NO,,YES
A15B,Barrel,1.06,,,1.06,,,Barrel,Inventory:574,NO,,YES
A15BB,Air Nitrile Barrel Seal,1.1,,,1.1,,,Air Nitrile Barrel Seal,Inventory:720,NO,,YES
A15BV,Air Viton Barrel Seal,1.1,,,1.1,,,Air Viton Barrel Seal,Inventory:610,NO,,YES
A15CEH,Air BEH Head,26.4,,,26.4,,,Air BEH Head,Inventory:790,NO,,YES
A15CEHTT,Air BEH Head,28.6,,,28.6,,,Air BEH Head,Inventory:791,NO,,YES
A15MF1,Air MF1,22.0,,,22.0,,,Air MF1,Inventory:765,NO,,YES
A15MF2,Air MF2,16.5,,,16.5,,,Air MF2,Inventory:756,NO,,YES
A15MF5,Air MF5,49.5,,,49.5,,,Air MF5,Inventory:747,NO,,YES
A15MF6,Air MF6,33.0,,,33.0,,,Air MF6,Inventory:738,NO,,YES
A15MP1,Air BEH Head,45.1,,,45.1,,,Air BEH Head,Inventory:792,NO,,YES
A15MP2,Air BEH Head,36.3,,,36.3,,,Air BEH Head,Inventory:793,NO,,YES
A15MP3,Air BEH Head,45.1,,,45.1,,,Air BEH Head,Inventory:794,NO,,YES
A15MPU3,Air BEH Head,48.4,,,48.4,,,Air BEH Head,Inventory:795,NO,,YES
A15MS2CEH,Air BEH Head,47.3,,,47.3,,,Air BEH Head,Inventory:796,NO,,YES
A15MS2REH,Air REH Head,62.7,,,62.7,,,Air REH Head,Inventory:627,NO,,YES
A15MT1,Air REH Head,62.7,,,62.7,,,Air REH Head,Inventory:628,NO,,YES
A15MT2,Air BEH Head,78.1,,,78.1,,,Air BEH Head,Inventory:797,NO,,YES
A15MT4,Air MT4,99.0,,,99.0,,,Air MT4,Inventory:729,NO,,YES
A15P062,Air Piston,23.1,,,23.1,,,Air Piston,Inventory:678,NO,,YES
A15P100,Air Piston,27.5,,,27.5,,,Air Piston,Inventory:679,NO,,YES
A15PB,Air Nitrile Piston Seal,2.2,,,2.2,,,Air Nitrile Piston Seal,Inventory:711,NO,,YES
A15PL,Air Low Friction Piston Seal,4.4,,,4.4,,,Air Low Friction Piston Seal,Inventory:774,NO,,YES
A15PV,Air Viton Piston Seal,9.9,,,9.9,,,Air Viton Piston Seal,Inventory:601,NO,,YES
A15REH062,Air REH Head,31.9,,,31.9,,,Air REH Head,Inventory:629,NO,,YES
A15REH100,Air REH Head,29.7,,,29.7,,,Air REH Head,Inventory:630,NO,,YES
A20B,Barrel,1.29,,,1.29,,,Barrel,Inventory:575,NO,,YES
A20BB,Air Nitrile Barrel Seal,1.1,,,1.1,,,Air Nitrile Barrel Seal,Inventory:721,NO,,YES
A20BV,Air Viton Barrel Seal,1.1,,,1.1,,,Air Viton Barrel Seal,Inventory:611,NO,,YES
A20CEH,Air BEH Head,27.5,,,27.5,,,Air BEH Head,Inventory:798,NO,,YES
A20CEHTT,Air BEH Head,37.4,,,37.4,,,Air BEH Head,Inventory:799,NO,,YES
A20MF1,Air MF1,26.4,,,26.4,,,Air MF1,Inventory:766,NO,,YES
A20MF2,Air MF2,19.8,,,19.8,,,Air MF2,Inventory:757,NO,,YES
A20MF5,Air MF5,147.4,,,147.4,,,Air MF5,Inventory:748,NO,,YES
A20MF6,Air MF6,97.9,,,97.9,,,Air MF6,Inventory:739,NO,,YES
A20MP1,Air BEH Head,51.7,,,51.7,,,Air BEH Head,Inventory:800,NO,,YES
A20MP2,Air BEH Head,42.9,,,42.9,,,Air BEH Head,Inventory:801,NO,,YES
A20MP3,Air BEH Head,51.7,,,51.7,,,Air BEH Head,Inventory:802,NO,,YES
A20MPU3,Air BEH Head,55.0,,,55.0,,,Air BEH Head,Inventory:803,NO,,YES
A20MS2CEH,Air BEH Head,52.8,,,52.8,,,Air BEH Head,Inventory:804,NO,,YES
A20MS2REH,Air REH Head,66.0,,,66.0,,,Air REH Head,Inventory:631,NO,,YES
A20MT1,Air REH Head,66.0,,,66.0,,,Air REH Head,Inventory:632,NO,,YES
A20MT2,Air BEH Head,78.1,,,78.1,,,Air BEH Head,Inventory:805,NO,,YES
A20MT4,Air MT4,104.5,,,104.5,,,Air MT4,Inventory:730,NO,,YES
A20P062,Air Piston,24.2,,,24.2,,,Air Piston,Inventory:680,NO,,YES
A20P100,Air Piston,28.6,,,28.6,,,Air Piston,Inventory:681,NO,,YES
A20P137,Air Piston,30.8,,,30.8,,,Air Piston,Inventory:682,NO,,YES
A20PB,Air Nitrile Piston Seal,2.2,,,2.2,,,Air Nitrile Piston Seal,Inventory:712,NO,,YES
A20PL,Air Low Friction Piston Seal,6.6,,,6.6,,,Air Low Friction Piston Seal,Inventory:775,NO,,YES
A20PV,Air Viton Piston Seal,11.0,,,11.0,,,Air Viton Piston Seal,Inventory:602,NO,,YES
A20REH062,Air REH Head,39.6,,,39.6,,,Air REH Head,Inventory:633,NO,,YES
A20REH100,Air REH Head,44.0,,,44.0,,,Air REH Head,Inventory:634,NO,,YES
A20REH137,Air REH Head,47.3,,,47.3,,,Air REH Head,Inventory:635,NO,,YES
A25B,Barrel,1.47,,,1.47,,,Barrel,Inventory:576,NO,,YES
A25BB,Air Nitrile Barrel Seal,1.1,,,1.1,,,Air Nitrile Barrel Seal,Inventory:722,NO,,YES
A25BV,Air Viton Barrel Seal,2.2,,,2.2,,,Air Viton Barrel Seal,Inventory:612,NO,,YES
A25CEH,Air BEH Head,30.36,,,30.36,,,Air BEH Head,Inventory:806,NO,,YES
A25CEHTT,Air BEH Head,44.0,,,44.0,,,Air BEH Head,Inventory:807,NO,,YES
A25MF1,Air MF1,30.8,,,30.8,,,Air MF1,Inventory:767,NO,,YES
A25MF2,Air MF2,24.2,,,24.2,,,Air MF2,Inventory:758,NO,,YES
A25MF5,Air MF5,171.6,,,171.6,,,Air MF5,Inventory:749,NO,,YES
A25MF6,Air MF6,114.4,,,114.4,,,Air MF6,Inventory:740,NO,,YES
A25MP1,Air BEH Head,60.5,,,60.5,,,Air BEH Head,Inventory:808,NO,,YES
A25MP2,Air BEH Head,48.4,,,48.4,,,Air BEH Head,Inventory:809,NO,,YES
A25MP3,Air BEH Head,60.5,,,60.5,,,Air BEH Head,Inventory:810,NO,,YES
A25MPU3,Air BEH Head,63.8,,,63.8,,,Air BEH Head,Inventory:811,NO,,YES
A25MS2CEH,Air BEH Head,62.7,,,62.7,,,Air BEH Head,Inventory:812,NO,,YES
A25MS2REH,Air REH Head,75.9,,,75.9,,,Air REH Head,Inventory:636,NO,,YES
A25MT1,Air REH Head,93.5,,,93.5,,,Air REH Head,Inventory:637,NO,,YES
A25MT2,Air BEH Head,108.9,,,108.9,,,Air BEH Head,Inventory:813,NO,,YES
A25MT4,Air MT4,66.0,,,66.0,,,Air MT4,Inventory:731,NO,,YES
A25P062,Air Piston,25.3,,,25.3,,,Air Piston,Inventory:683,NO,,YES
A25P100,Air Piston,27.5,,,27.5,,,Air Piston,Inventory:684,NO,,YES
A25P137,Air Piston,28.6,,,28.6,,,Air Piston,Inventory:685,NO,,YES
A25P175,Air Piston,29.7,,,29.7,,,Air Piston,Inventory:686,NO,,YES
A25PB,Air Nitrile Piston Seal,3.3,,,3.3,,,Air Nitrile Piston Seal,Inventory:713,NO,,YES
A25PL,Air Low Friction Piston Seal,8.8,,,8.8,,,Air Low Friction Piston Seal,Inventory:776,NO,,YES
A25PV,Air Viton Piston Seal,14.3,,,14.3,,,Air Viton Piston Seal,Inventory:603,NO,,YES
A25REH062,Air REH Head,44.0,,,44.0,,,Air REH Head,Inventory:638,NO,,YES
A25REH100,Air REH Head,45.1,,,45.1,,,Air REH Head,Inventory:639,NO,,YES
A25REH137,Air REH Head,47.3,,,47.3,,,Air REH Head,Inventory:640,NO,,YES
A25REH175,Air REH Head,48.4,,,48.4,,,Air REH Head,Inventory:641,NO,,YES
A32B,Barrel,1.64,,,1.64,,,Barrel,Inventory:577,NO,,YES
A32BB,Air Nitrile Barrel Seal,1.1,,,1.1,,,Air Nitrile Barrel Seal,Inventory:723,NO,,YES
A32BV,Air Viton Barrel Seal,2.2,,,2.2,,,Air Viton Barrel Seal,Inventory:613,NO,,YES
A32CEH,Air BEH Head,44.0,,,44.0,,,Air BEH Head,Inventory:814,NO,,YES
A32CEHTT,Air BEH Head,47.3,,,47.3,,,Air BEH Head,Inventory:815,NO,,YES
A32MF1,Air MF1,37.4,,,37.4,,,Air MF1,Inventory:768,NO,,YES
A32MF2,Air MF2,28.6,,,28.6,,,Air MF2,Inventory:759,NO,,YES
A32MF5,Air MF5,195.8,,,195.8,,,Air MF5,Inventory:750,NO,,YES
A32MF6,Air MF6,130.9,,,130.9,,,Air MF6,Inventory:741,NO,,YES
A32MP1,Air BEH Head,71.5,,,71.5,,,Air BEH Head,Inventory:816,NO,,YES
A32MP2,Air BEH Head,58.3,,,58.3,,,Air BEH Head,Inventory:817,NO,,YES
A32MP3,Air BEH Head,71.5,,,71.5,,,Air BEH Head,Inventory:818,NO,,YES
A32MPU3,Air BEH Head,75.9,,,75.9,,,Air BEH Head,Inventory:819,NO,,YES
A32MS2CEH,Air BEH Head,73.7,,,73.7,,,Air BEH Head,Inventory:820,NO,,YES
A32MS2REH,Air REH Head,86.9,,,86.9,,,Air REH Head,Inventory:642,NO,,YES
A32MT1,Air REH Head,108.9,,,108.9,,,Air REH Head,Inventory:643,NO,,YES
A32MT2,Air BEH Head,116.6,,,116.6,,,Air BEH Head,Inventory:821,NO,,YES
A32MT4,Air MT4,121.0,,,121.0,,,Air MT4,Inventory:732,NO,,YES
A32P100,Air Piston,29.7,,,29.7,,,Air Piston,Inventory:687,NO,,YES
A32P137,Air Piston,29.7,,,29.7,,,Air Piston,Inventory:688,NO,,YES
A32P175,Air Piston,29.7,,,29.7,,,Air Piston,Inventory:689,NO,,YES
A32P200,Air Piston,30.8,,,30.8,,,Air Piston,Inventory:690,NO,,YES
A32PB,Air Nitrile Piston Seal,3.3,,,3.3,,,Air Nitrile Piston Seal,Inventory:714,NO,,YES
A32PL,Air Low Friction Piston Seal,13.2,,,13.2,,,Air Low Friction Piston Seal,Inventory:777,NO,,YES
A32PV,Air Viton Piston Seal,16.5,,,16.5,,,Air Viton Piston Seal,Inventory:604,NO,,YES
A32REH100,Air REH Head,41.8,,,41.8,,,Air REH Head,Inventory:644,NO,,YES
A32REH137,Air REH Head,41.8,,,41.8,,,Air REH Head,Inventory:645,NO,,YES
A32REH175,Air REH Head,41.8,,,41.8,,,Air REH Head,Inventory:646,NO,,YES
A32REH200,Air REH Head,41.8,,,41.8,,,Air REH Head,Inventory:647,NO,,YES
A40B,Barrel,2.0799999999999996,,,2.0799999999999996,,,Barrel,Inventory:578,NO,,YES
A40BB,Air Nitrile Barrel Seal,1.1,,,1.1,,,Air Nitrile Barrel Seal,Inventory:724,NO,,YES
A40BV,Air Viton Barrel Seal,3.3,,,3.3,,,Air Viton Barrel Seal,Inventory:614,NO,,YES
A40CEH,Air BEH Head,50.6,,,50.6,,,Air BEH Head,Inventory:822,NO,,YES
A40MF1,Air MF1,44.0,,,44.0,,,Air MF1,Inventory:769,NO,,YES
A40MF2,Air MF2,34.1,,,34.1,,,Air MF2,Inventory:760,NO,,YES
A40MF5,Air MF5,220.0,,,220.0,,,Air MF5,Inventory:751,NO,,YES
A40MF6,Air MF6,147.4,,,147.4,,,Air MF6,Inventory:742,NO,,YES
A40MP1,Air BEH Head,101.2,,,101.2,,,Air BEH Head,Inventory:823,NO,,YES
A40MP2,Air BEH Head,82.5,,,82.5,,,Air BEH Head,Inventory:824,NO,,YES
A40MP3,Air BEH Head,101.2,,,101.2,,,Air BEH Head,Inventory:825,NO,,YES
A40MPU3,Air BEH Head,107.8,,,107.8,,,Air BEH Head,Inventory:826,NO,,YES
A40MS2CEH,Air BEH Head,104.5,,,104.5,,,Air BEH Head,Inventory:827,NO,,YES
A40MS2REH,Air REH Head,97.9,,,97.9,,,Air REH Head,Inventory:648,NO,,YES
A40MT1,Air REH Head,124.3,,,124.3,,,Air REH Head,Inventory:649,NO,,YES
A40MT2,Air BEH Head,132.0,,,132.0,,,Air BEH Head,Inventory:828,NO,,YES
A40MT4,Air MT4,148.5,,,148.5,,,Air MT4,Inventory:733,NO,,YES
A40P100,Air Piston,28.6,,,28.6,,,Air Piston,Inventory:691,NO,,YES
A40P137,Air Piston,29.7,,,29.7,,,Air Piston,Inventory:692,NO,,YES
A40P175,Air Piston,30.8,,,30.8,,,Air Piston,Inventory:693,NO,,YES
A40P200,Air Piston,30.8,,,30.8,,,Air Piston,Inventory:694,NO,,YES
A40PB,Air Nitrile Piston Seal,4.4,,,4.4,,,Air Nitrile Piston Seal,Inventory:715,NO,,YES
A40PL,Air Low Friction Piston Seal,13.2,,,13.2,,,Air Low Friction Piston Seal,Inventory:778,NO,,YES
A40PV,Air Viton Piston Seal,17.6,,,17.6,,,Air Viton Piston Seal,Inventory:605,NO,,YES
A40REH100,Air REH Head,63.8,,,63.8,,,Air REH Head,Inventory:650,NO,,YES
A40REH137,Air REH Head,66.0,,,66.0,,,Air REH Head,Inventory:651,NO,,YES
A40REH175,Air REH Head,71.5,,,71.5,,,Air REH Head,Inventory:652,NO,,YES
A40REH200,Air REH Head,81.4,,,81.4,,,Air REH Head,Inventory:653,NO,,YES
A50B,Barrel,2.5599999999999996,,,2.5599999999999996,,,Barrel,Inventory:579,NO,,YES
A50BB,Air Nitrile Barrel Seal,1.1,,,1.1,,,Air Nitrile Barrel Seal,Inventory:725,NO,,YES
A50BV,Air Viton Barrel Seal,3.3,,,3.3,,,Air Viton Barrel Seal,Inventory:615,NO,,YES
A50CEH,Air BEH Head,73.7,,,73.7,,,Air BEH Head,Inventory:829,NO,,YES
A50MF1,Air MF1,52.8,,,52.8,,,Air MF1,Inventory:770,NO,,YES
A50MF2,Air MF2,40.7,,,40.7,,,Air MF2,Inventory:761,NO,,YES
A50MF5,Air MF5,244.2,,,244.2,,,Air MF5,Inventory:752,NO,,YES
A50MF6,Air MF6,162.8,,,162.8,,,Air MF6,Inventory:743,NO,,YES
A50MP1,Air BEH Head,144.1,,,144.1,,,Air BEH Head,Inventory:830,NO,,YES
A50MP2,Air BEH Head,116.6,,,116.6,,,Air BEH Head,Inventory:831,NO,,YES
A50MP3,Air BEH Head,144.1,,,144.1,,,Air BEH Head,Inventory:832,NO,,YES
A50MPU3,Air BEH Head,154.0,,,154.0,,,Air BEH Head,Inventory:833,NO,,YES
A50MS2CEH,Air BEH Head,149.6,,,149.6,,,Air BEH Head,Inventory:834,NO,,YES
A50MS2REH,Air REH Head,108.9,,,108.9,,,Air REH Head,Inventory:654,NO,,YES
A50MT1,Air REH Head,139.7,,,139.7,,,Air REH Head,Inventory:655,NO,,YES
A50MT2,Air BEH Head,172.7,,,172.7,,,Air BEH Head,Inventory:835,NO,,YES
A50MT4,Air MT4,173.8,,,173.8,,,Air MT4,Inventory:734,NO,,YES
A50P100,Air Piston,47.3,,,47.3,,,Air Piston,Inventory:695,NO,,YES
A50P137,Air Piston,50.6,,,50.6,,,Air Piston,Inventory:696,NO,,YES
A50P175,Air Piston,52.8,,,52.8,,,Air Piston,Inventory:697,NO,,YES
A50P200,Air Piston,55.0,,,55.0,,,Air Piston,Inventory:698,NO,,YES
A50PB,Air Nitrile Piston Seal,5.5,,,5.5,,,Air Nitrile Piston Seal,Inventory:716,NO,,YES
A50PL,Air Low Friction Piston Seal,14.3,,,14.3,,,Air Low Friction Piston Seal,Inventory:779,NO,,YES
A50PV,Air Viton Piston Seal,31.9,,,31.9,,,Air Viton Piston Seal,Inventory:606,NO,,YES
A50REH100,Air REH Head,116.6,,,116.6,,,Air REH Head,Inventory:656,NO,,YES
A50REH137,Air REH Head,121.0,,,121.0,,,Air REH Head,Inventory:657,NO,,YES
A50REH175,Air REH Head,124.3,,,124.3,,,Air REH Head,Inventory:658,NO,,YES
A50REH200,Air REH Head,132.0,,,132.0,,,Air REH Head,Inventory:659,NO,,YES
A60B,Barrel,4.29,,,4.29,,,Barrel,Inventory:580,NO,,YES
A60BB,Air Nitrile Barrel Seal,1.1,,,1.1,,,Air Nitrile Barrel Seal,Inventory:726,NO,,YES
A60BV,Air Viton Barrel Seal,6.6,,,6.6,,,Air Viton Barrel Seal,Inventory:616,NO,,YES
A60CEH,Air BEH Head,105.6,,,105.6,,,Air BEH Head,Inventory:836,NO,,YES
A60MF1,Air MF1,63.8,,,63.8,,,Air MF1,Inventory:771,NO,,YES
A60MF2,Air MF2,49.5,,,49.5,,,Air MF2,Inventory:762,NO,,YES
A60MF5,Air MF5,342.1,,,342.1,,,Air MF5,Inventory:753,NO,,YES
A60MF6,Air MF6,227.7,,,227.7,,,Air MF6,Inventory:744,NO,,YES
A60MP1,Air BEH Head,127.6,,,127.6,,,Air BEH Head,Inventory:837,NO,,YES
A60MP2,Air BEH Head,166.1,,,166.1,,,Air BEH Head,Inventory:838,NO,,YES
A60MP3,Air BEH Head,204.6,,,204.6,,,Air BEH Head,Inventory:839,NO,,YES
A60MPU3,Air BEH Head,218.9,,,218.9,,,Air BEH Head,Inventory:840,NO,,YES
A60MS2CEH,Air BEH Head,211.2,,,211.2,,,Air BEH Head,Inventory:841,NO,,YES
A60MS2REH,Air REH Head,151.8,,,151.8,,,Air REH Head,Inventory:660,NO,,YES
A60MT1,Air REH Head,155.1,,,155.1,,,Air REH Head,Inventory:661,NO,,YES
A60MT2,Air BEH Head,245.3,,,245.3,,,Air BEH Head,Inventory:842,NO,,YES
A60MT4,Air MT4,310.2,,,310.2,,,Air MT4,Inventory:735,NO,,YES
A60P137,Air Piston,60.5,,,60.5,,,Air Piston,Inventory:699,NO,,YES
A60P175,Air Piston,61.6,,,61.6,,,Air Piston,Inventory:700,NO,,YES
A60P200,Air Piston,63.8,,,63.8,,,Air Piston,Inventory:701,NO,,YES
A60P250,Air Piston,66.0,,,66.0,,,Air Piston,Inventory:702,NO,,YES
A60PB,Air Nitrile Piston Seal,8.8,,,8.8,,,Air Nitrile Piston Seal,Inventory:717,NO,,YES
A60PL,Air Low Friction Piston Seal,15.4,,,15.4,,,Air Low Friction Piston Seal,Inventory:780,NO,,YES
A60PV,Air Viton Piston Seal,40.7,,,40.7,,,Air Viton Piston Seal,Inventory:607,NO,,YES
A60REH137,Air REH Head,161.7,,,161.7,,,Air REH Head,Inventory:662,NO,,YES
A60REH175,Air REH Head,168.3,,,168.3,,,Air REH Head,Inventory:663,NO,,YES
A60REH200,Air REH Head,202.4,,,202.4,,,Air REH Head,Inventory:664,NO,,YES
A60REH250,Air REH Head,225.5,,,225.5,,,Air REH Head,Inventory:665,NO,,YES
A70B,Barrel,4.66,,,4.66,,,Barrel,Inventory:581,NO,,YES
A70BB,Air Nitrile Barrel Seal,1.1,,,1.1,,,Air Nitrile Barrel Seal,Inventory:727,NO,,YES
A70BV,Air Viton Barrel Seal,6.6,,,6.6,,,Air Viton Barrel Seal,Inventory:617,NO,,YES
A70CEH,Air BEH Head,116.6,,,116.6,,,Air BEH Head,Inventory:843,NO,,YES
A70ME3,Air REH Head,233.2,,,233.2,,,Air REH Head,Inventory:666,NO,,YES
A70ME4,Air BEH Head,139.7,,,139.7,,,Air BEH Head,Inventory:844,NO,,YES
A70MF1,Air MF1,75.9,,,75.9,,,Air MF1,Inventory:772,NO,,YES
A70MF2,Air MF2,59.4,,,59.4,,,Air MF2,Inventory:763,NO,,YES
A70MF5,Air MF5,342.1,,,342.1,,,Air MF5,Inventory:754,NO,,YES
A70MF6,Air MF6,227.7,,,227.7,,,Air MF6,Inventory:745,NO,,YES
A70MT4,Air MT4,260.7,,,260.7,,,Air MT4,Inventory:736,NO,,YES
A70P137,Air Piston,63.8,,,63.8,,,Air Piston,Inventory:703,NO,,YES
A70P175,Air Piston,66.0,,,66.0,,,Air Piston,Inventory:704,NO,,YES
A70P200,Air Piston,68.2,,,68.2,,,Air Piston,Inventory:705,NO,,YES
A70P250,Air Piston,70.4,,,70.4,,,Air Piston,Inventory:706,NO,,YES
A70PB,Air Nitrile Piston Seal,15.4,,,15.4,,,Air Nitrile Piston Seal,Inventory:718,NO,,YES
A70PL,Air Low Friction Piston Seal,13.2,,,13.2,,,Air Low Friction Piston Seal,Inventory:781,NO,,YES
A70PV,Air Viton Piston Seal,55.0,,,55.0,,,Air Viton Piston Seal,Inventory:608,NO,,YES
A70REH137,Air REH Head,233.2,,,233.2,,,Air REH Head,Inventory:667,NO,,YES
A70REH175,Air REH Head,233.2,,,233.2,,,Air REH Head,Inventory:668,NO,,YES
A70REH200,Air REH Head,233.2,,,233.2,,,Air REH Head,Inventory:669,NO,,YES
A70REH250,Air REH Head,233.2,,,233.2,,,Air REH Head,Inventory:670,NO,,YES
A80B,Barrel,5.68,,,5.68,,,Barrel,Inventory:582,NO,,YES
A80BB,Air Nitrile Barrel Seal,2.2,,,2.2,,,Air Nitrile Barrel Seal,Inventory:728,NO,,YES
A80BV,Air Viton Barrel Seal,7.7,,,7.7,,,Air Viton Barrel Seal,Inventory:618,NO,,YES
A80CEH,Air BEH Head,133.1,,,133.1,,,Air BEH Head,Inventory:845,NO,,YES
A80ME3,Air REH Head,264.0,,,264.0,,,Air REH Head,Inventory:671,NO,,YES
A80ME4,Air BEH Head,162.8,,,162.8,,,Air BEH Head,Inventory:846,NO,,YES
A80MF1,Air MF1,101.2,,,101.2,,,Air MF1,Inventory:773,NO,,YES
A80MF2,Air MF2,78.1,,,78.1,,,Air MF2,Inventory:764,NO,,YES
A80MF5,Air MF5,586.3,,,586.3,,,Air MF5,Inventory:755,NO,,YES
A80MF6,Air MF6,390.5,,,390.5,,,Air MF6,Inventory:746,NO,,YES
A80MP1,Air BEH Head,240.9,,,240.9,,,Air BEH Head,Inventory:847,NO,,YES
A80MP2,Air BEH Head,193.6,,,193.6,,,Air BEH Head,Inventory:848,NO,,YES
A80MP3,Air BEH Head,240.9,,,240.9,,,Air BEH Head,Inventory:849,NO,,YES
A80MPU3,Air BEH Head,256.3,,,256.3,,,Air BEH Head,Inventory:850,NO,,YES
A80MS2CEH,Air BEH Head,248.6,,,248.6,,,Air BEH Head,Inventory:851,NO,,YES
A80MS2REH,Air REH Head,260.7,,,260.7,,,Air REH Head,Inventory:672,NO,,YES
A80MT1,Air REH Head,260.7,,,260.7,,,Air REH Head,Inventory:673,NO,,YES
A80MT2,Air BEH Head,287.1,,,287.1,,,Air BEH Head,Inventory:852,NO,,YES
A80MT4,Air MT4,260.7,,,260.7,,,Air MT4,Inventory:737,NO,,YES
A80P137,Air Piston,63.8,,,63.8,,,Air Piston,Inventory:707,NO,,YES
A80P175,Air Piston,66.0,,,66.0,,,Air Piston,Inventory:708,NO,,YES
A80P200,Air Piston,68.2,,,68.2,,,Air Piston,Inventory:709,NO,,YES
A80P250,Air Piston,70.4,,,70.4,,,Air Piston,Inventory:710,NO,,YES
A80PB,Air Nitrile Piston Seal,17.6,,,17.6,,,Air Nitrile Piston Seal,Inventory:719,NO,,YES
A80PL,Air Low Friction Piston Seal,17.6,,,17.6,,,Air Low Friction Piston Seal,Inventory:782,NO,,YES
A80PV,Air Viton Piston Seal,68.2,,,68.2,,,Air Viton Piston Seal,Inventory:609,NO,,YES
A80REH137,Air REH Head,170.5,,,170.5,,,Air REH Head,Inventory:674,NO,,YES
A80REH175,Air REH Head,203.5,,,203.5,,,Air REH Head,Inventory:675,NO,,YES
A80REH200,Air REH Head,214.5,,,214.5,,,Air REH Head,Inventory:676,NO,,YES
A80REH250,Air REH Head,225.5,,,225.5,,,Air REH Head,Inventory:677,NO,,YES
AB,Air Bleed,70.4,,,70.4,,,Air Bleed,Inventory:789,NO,,YES
AC044,Alignment Coupler 7/16-20,25.3,80.0,ShipVia,25.3,80.0,,Alignment Coupler 7/16-20,Inventory:593 | ShipVia:52,NO,,YES
AC050,Alignment Coupler 1/2-20,25.3,90.0,ShipVia,25.3,90.0,,Alignment Coupler 1/2-20,Inventory:596 | ShipVia:53,NO,,YES
AC075,Alignment Coupler 3/4-16,34.1,108.0,ShipVia,34.1,108.0,,Alignment Coupler 3/4-16,Inventory:594 | ShipVia:54,NO,,YES
AC087,Alignment Coupler 7/8-14,34.1,125.0,ShipVia,34.1,125.0,,Alignment Coupler 7/8-14,Inventory:592 | ShipVia:55,NO,,YES
AC100,Alignment Coupler 1-14,68.2,158.0,ShipVia,68.2,158.0,,Alignment Coupler 1-14,Inventory:595 | ShipVia:56,NO,,YES
AC125,Alignment Coupler 1 1/4-12,68.2,175.0,ShipVia,68.2,175.0,,Alignment Coupler 1 1/4-12,Inventory:599 | ShipVia:57,NO,,YES
AC150,Alignment Coupler 1 1/2-12,149.6,448.0,ShipVia,149.6,448.0,,Alignment Coupler 1 1/2-12,Inventory:600 | ShipVia:58,NO,,YES
AC175,Alignment Coupler 1 3/4-12,149.6,550.0,ShipVia,149.6,550.0,,Alignment Coupler 1 3/4-12,Inventory:598 | ShipVia:59,NO,,YES
AC187,Alignment Coupler 1 7/8-12,269.5,665.0,ShipVia,269.5,665.0,,Alignment Coupler 1 7/8-12,Inventory:597 | ShipVia:60,NO,,YES
AC225,Alignment Coupler 2 1/4,,1466.0,ShipVia,,1466.0,,Alignment Coupler 2 1/4,ShipVia:61,NO,,YES
AC250,Alignment Coupler 2 1/2,,1879.0,ShipVia,,1879.0,,Alignment Coupler 2 1/2,ShipVia:62,NO,,YES
ACC062,Air Cushion Collar,16.5,,,16.5,,,Air Cushion Collar,Inventory:783,NO,,YES
ACC100,Air Cushion Collar,18.7,,,18.7,,,Air Cushion Collar,Inventory:784,NO,,YES
ACC138,Air Cushion Collar,24.2,,,24.2,,,Air Cushion Collar,Inventory:785,NO,,YES
ACC175,Air Cushion Collar,28.6,,,28.6,,,Air Cushion Collar,Inventory:786,NO,,YES
ACC200,Air Cushion Collar,31.9,,,31.9,,,Air Cushion Collar,Inventory:787,NO,,YES
ACC250,Air Cushion Collar,39.6,,,39.6,,,Air Cushion Collar,Inventory:788,NO,,YES
BASE,Safety Coupler,,,,,,,Safety Coupler,Acc:53,NO,,YES
CB050,Clevis Bracket 1/2,23.1,125.0,ShipVia,23.1,125.0,,Clevis Bracket 1/2,Inventory:570 | ShipVia:63,NO,,YES
CB075,Clevis Bracket 3/4,34.1,175.0,ShipVia,34.1,175.0,,Clevis Bracket 3/4,Inventory:566 | ShipVia:64,NO,,YES
CB100,Clevis Bracket 1,57.2,225.0,ShipVia,57.2,225.0,,Clevis Bracket 1,Inventory:573 | ShipVia:65,NO,,YES
CB138,Clevis Bracket 1 3/8,83.6,300.0,ShipVia,83.6,300.0,,Clevis Bracket 1 3/8,Inventory:571 | ShipVia:66,NO,,YES
CB175,Clevis Bracket 1 3/4,172.7,500.0,ShipVia,172.7,500.0,,Clevis Bracket 1 3/4,Inventory:572 | ShipVia:67,NO,,YES
CB200,Clevis Bracket 2,250.8,600.0,ShipVia,250.8,600.0,,Clevis Bracket 2,Inventory:569 | ShipVia:68,NO,,YES
CB250,Clevis Bracket 2 1/2,2438.7,750.0,ShipVia,2438.7,750.0,,Clevis Bracket 2 1/2,Inventory:568 | ShipVia:69,NO,,YES
CB300,Clevis Bracket 3,3414.4,1200.0,ShipVia,3414.4,1200.0,,Clevis Bracket 3,Inventory:567 | ShipVia:70,NO,,YES
CB400,Clevis Bracket 4,,2000.0,ShipVia,,2000.0,,Clevis Bracket 4,ShipVia:71,NO,,YES
CSA,150ADJSHORT,8.8,,,8.8,,,150ADJSHORT,Inventory:853,NO,,YES
CSAL,150ADJLONG,8.8,,,8.8,,,150ADJLONG,Inventory:854,NO,,YES
CSH,H150SCREW,8.8,,,8.8,,,H150SCREW,Inventory:382,NO,,YES
CSH4,H400LONG,8.8,,,8.8,,,H400LONG,Inventory:381,NO,,YES
CSHL,Cushion Screw Long (Hyd),3.3,,,3.3,,,Cushion Screw Long (Hyd),Inventory:565,NO,,YES
CSHN,Cushion Screw Nut,2.2,,,2.2,,,Cushion Screw Nut,Inventory:564,NO,,YES
CSHN4,Cushion Screw Nut Large,2.2,,,2.2,,,Cushion Screw Nut Large,Inventory:563,NO,,YES
EB050,Eye Bracket,11.0,60.0,ShipVia,11.0,60.0,,Eye Bracket,Inventory:555 | ShipVia:72,NO,,YES
EB075,Eye Bracket,20.9,90.0,ShipVia,20.9,90.0,,Eye Bracket,Inventory:556 | ShipVia:73,NO,,YES
EB100,Eye Bracket,33.0,120.0,ShipVia,33.0,120.0,,Eye Bracket,Inventory:557 | ShipVia:74,NO,,YES
EB138,Eye Bracket,53.9,170.0,ShipVia,53.9,170.0,,Eye Bracket,Inventory:558 | ShipVia:75,NO,,YES
EB175,Eye Bracket,132.0,350.0,ShipVia,132.0,350.0,,Eye Bracket,Inventory:559 | ShipVia:76,NO,,YES
EB200,Eye Bracket,83.6,410.0,ShipVia,83.6,410.0,,Eye Bracket,Inventory:560 | ShipVia:77,NO,,YES
EB250,Eye Bracket,250.8,570.0,ShipVia,250.8,570.0,,Eye Bracket,Inventory:561 | ShipVia:78,NO,,YES
EB300,Eye Bracket,376.2,800.0,ShipVia,376.2,800.0,,Eye Bracket,Inventory:562 | ShipVia:79,NO,,YES
EB350,Eye Bracket,,1500.0,ShipVia,,1500.0,,Eye Bracket,ShipVia:80,NO,,YES
EB400,Eye Bracket,,1700.0,ShipVia,,1700.0,,Eye Bracket,ShipVia:81,NO,,YES
FE044,Female Rod Eye 7/16-20,8.0,40.0,ShipVia,8.0,40.0,,Female Rod Eye 7/16-20,Inventory:541 | ShipVia:82,NO,,YES
FE050,Female Rod Eye 1/2-20,8.0,45.0,ShipVia,8.0,45.0,,Female Rod Eye 1/2-20,Inventory:550 | ShipVia:83,NO,,YES
FE075,Female Rod Eye 3/4-16,12.0,50.0,ShipVia,12.0,50.0,,Female Rod Eye 3/4-16,Inventory:543 | ShipVia:84,NO,,YES
FE087,Female Rod Eye 7/8-14,20.9,60.0,ShipVia,20.9,60.0,,Female Rod Eye 7/8-14,Inventory:540 | ShipVia:85,NO,,YES
FE100,Female Rod Eye 1-14,25.0,70.0,ShipVia,25.0,70.0,,Female Rod Eye 1-14,Inventory:549 | ShipVia:86,NO,,YES
FE125,Female Rod Eye 1 1/4-12,55.0,110.0,ShipVia,55.0,110.0,,Female Rod Eye 1 1/4-12,Inventory:553 | ShipVia:87,NO,,YES
FE150,Female Rod Eye 1 1/2-12,72.0,140.0,ShipVia,72.0,140.0,,Female Rod Eye 1 1/2-12,Inventory:554 | ShipVia:88,NO,,YES
FE175,Female Rod Eye 1 3/4-12,90.0,160.0,ShipVia,90.0,160.0,,Female Rod Eye 1 3/4-12,Inventory:552 | ShipVia:89,NO,,YES
FE187,Female Rod Eye 1 7/8-12,93.5,190.0,ShipVia,93.5,190.0,,Female Rod Eye 1 7/8-12,Inventory:551 | ShipVia:90,NO,,YES
FE225,Female Rod Eye 2 1/4-12,144.1,390.0,ShipVia,144.1,390.0,,Female Rod Eye 2 1/4-12,Inventory:547 | ShipVia:91,NO,,YES
FE250,Female Rod Eye 2 1/2-12,246.4,430.0,ShipVia,246.4,430.0,,Female Rod Eye 2 1/2-12,Inventory:548 | ShipVia:92,NO,,YES
FE275,Female Rod Eye 2 3/4-12,371.8,550.0,ShipVia,371.8,550.0,,Female Rod Eye 2 3/4-12,Inventory:546 | ShipVia:93,NO,,YES
FE325,Female Rod Eye 3 1/4-12,367.4,1100.0,ShipVia,367.4,1100.0,,Female Rod Eye 3 1/4-12,Inventory:544 | ShipVia:94,NO,,YES
FE350,Female Rod Eye 3 1/2-12,363.0,1300.0,ShipVia,363.0,1300.0,,Female Rod Eye 3 1/2-12,Inventory:545 | ShipVia:95,NO,,YES
FE400,Female Rod Eye 4-12,553.3,1450.0,ShipVia,553.3,1450.0,,Female Rod Eye 4-12,Inventory:542 | ShipVia:96,NO,,YES
G062,Gland,17.6,,,17.6,,,Gland,Inventory:528,NO,,YES
G062R,Gland for Retainer,16.5,,,16.5,,,Gland for Retainer,Inventory:522,NO,,YES
G100,Gland,22.0,,,22.0,,,Gland,Inventory:529,NO,,YES
G100R,Gland for Retainer,24.2,,,24.2,,,Gland for Retainer,Inventory:523,NO,,YES
G138,Gland,25.3,,,25.3,,,Gland,Inventory:530,NO,,YES
G138R,Gland for Retainer,29.7,,,29.7,,,Gland for Retainer,Inventory:524,NO,,YES
G175,Gland,36.3,,,36.3,,,Gland,Inventory:531,NO,,YES
G175R,Gland for Retainer,37.4,,,37.4,,,Gland for Retainer,Inventory:525,NO,,YES
G200,Gland,37.4,,,37.4,,,Gland,Inventory:532,NO,,YES
G200R,Gland for Retainer,44.0,,,44.0,,,Gland for Retainer,Inventory:526,NO,,YES
G250,Gland,60.5,,,60.5,,,Gland,Inventory:533,NO,,YES
G250R,Gland for Retainer,46.2,,,46.2,,,Gland for Retainer,Inventory:527,NO,,YES
G300,Gland,66.0,,,66.0,,,Gland,Inventory:534,NO,,YES
G350,Gland,71.5,,,71.5,,,Gland,Inventory:535,NO,,YES
G400,Gland,325.6,,,325.6,,,Gland,Inventory:536,NO,,YES
G450,Gland,348.7,,,348.7,,,Gland,Inventory:537,NO,,YES
G500,Gland,382.8,,,382.8,,,Gland,Inventory:538,NO,,YES
G550,Gland,427.9,,,427.9,,,Gland,Inventory:539,NO,,YES
GAR150,Air Retainer,39.6,,,39.6,,,Air Retainer,Inventory:619,NO,,YES
GAR200,Air Retainer,44.0,,,44.0,,,Air Retainer,Inventory:620,NO,,YES
GAR250,Air Retainer,48.4,,,48.4,,,Air Retainer,Inventory:621,NO,,YES
GAR325,Air Retainer,39.6,,,39.6,,,Air Retainer,Inventory:622,NO,,YES
GAR400,Air Retainer,44.0,,,44.0,,,Air Retainer,Inventory:623,NO,,YES
GAR500,Air Retainer,48.4,,,48.4,,,Air Retainer,Inventory:624,NO,,YES
GAR600,Air Retainer,55.0,,,55.0,,,Air Retainer,Inventory:625,NO,,YES
GAR800,Air Retainer,66.0,,,66.0,,,Air Retainer,Inventory:626,NO,,YES
GBO062,Nitrile Gland Oring Seal,1.1,,,1.1,,,Nitrile Gland Oring Seal,Inventory:203,NO,,YES
GBO100,Nitrile Gland Oring Seal,1.1,,,1.1,,,Nitrile Gland Oring Seal,Inventory:204,NO,,YES
GBO138,Nitrile Gland Oring Seal,1.1,,,1.1,,,Nitrile Gland Oring Seal,Inventory:205,NO,,YES
GBO175,Nitrile Gland Oring Seal,1.1,,,1.1,,,Nitrile Gland Oring Seal,Inventory:206,NO,,YES
GBO200,Nitrile Gland Oring Seal,1.1,,,1.1,,,Nitrile Gland Oring Seal,Inventory:207,NO,,YES
GBO250,Nitrile Gland Oring Seal,1.1,,,1.1,,,Nitrile Gland Oring Seal,Inventory:208,NO,,YES
GBO300,Nitrile Gland Oring Seal,1.1,,,1.1,,,Nitrile Gland Oring Seal,Inventory:209,NO,,YES
GBO350,Nitrile Gland Oring Seal,1.1,,,1.1,,,Nitrile Gland Oring Seal,Inventory:210,NO,,YES
GBO400,Nitrile Gland Oring Seal,1.1,,,1.1,,,Nitrile Gland Oring Seal,Inventory:211,NO,,YES
GBO450,Nitrile Gland Oring Seal,1.1,,,1.1,,,Nitrile Gland Oring Seal,Inventory:212,NO,,YES
GBO500,Nitrile Gland Oring Seal,1.1,,,1.1,,,Nitrile Gland Oring Seal,Inventory:213,NO,,YES
GBO550,Nitrile Gland Oring Seal,1.1,,,1.1,,,Nitrile Gland Oring Seal,Inventory:214,NO,,YES
GHR150,Hydraulic Retainer,5.5,,,5.5,,,Hydraulic Retainer,Inventory:222,NO,,YES
GHR200,Hydraulic Retainer,6.6,,,6.6,,,Hydraulic Retainer,Inventory:223,NO,,YES
GHR250,Hydraulic Retainer,8.8,,,8.8,,,Hydraulic Retainer,Inventory:224,NO,,YES
GHR325,Hydraulic Retainer,11.0,,,11.0,,,Hydraulic Retainer,Inventory:225,NO,,YES
GHR400,Hydraulic Retainer,62.7,,,62.7,,,Hydraulic Retainer,Inventory:226,NO,,YES
GHR500,Hydraulic Retainer,78.1,,,78.1,,,Hydraulic Retainer,Inventory:227,NO,,YES
GHR600,Hydraulic Retainer,47.3,,,47.3,,,Hydraulic Retainer,Inventory:228,NO,,YES
GHR700,Hydraulic Retainer,116.6,,,116.6,,,Hydraulic Retainer,Inventory:229,NO,,YES
GHR800,Hydraulic Retainer,155.1,,,155.1,,,Hydraulic Retainer,Inventory:230,NO,,YES
GTOB062,Teflon Gland Oring Backup Seal,2.2,,,2.2,,,Teflon Gland Oring Backup Seal,Inventory:57,NO,,YES
GTOB100,Teflon Gland Oring Backup Seal,2.2,,,2.2,,,Teflon Gland Oring Backup Seal,Inventory:58,NO,,YES
GTOB138,Teflon Gland Oring Backup Seal,2.2,,,2.2,,,Teflon Gland Oring Backup Seal,Inventory:59,NO,,YES
GTOB175,Teflon Gland Oring Backup Seal,3.3,,,3.3,,,Teflon Gland Oring Backup Seal,Inventory:60,NO,,YES
GTOB200,Teflon Gland Oring Backup Seal,3.3,,,3.3,,,Teflon Gland Oring Backup Seal,Inventory:61,NO,,YES
GTOB250,Teflon Gland Oring Backup Seal,3.3,,,3.3,,,Teflon Gland Oring Backup Seal,Inventory:62,NO,,YES
GTOB300,Teflon Gland Oring Backup Seal,4.4,,,4.4,,,Teflon Gland Oring Backup Seal,Inventory:63,NO,,YES
GTOB350,Teflon Gland Oring Backup Seal,5.5,,,5.5,,,Teflon Gland Oring Backup Seal,Inventory:64,NO,,YES
GTOB400,Teflon Gland Oring Backup Seal,5.5,,,5.5,,,Teflon Gland Oring Backup Seal,Inventory:65,NO,,YES
GTOB450,Teflon Gland Oring Backup Seal,6.6,,,6.6,,,Teflon Gland Oring Backup Seal,Inventory:66,NO,,YES
GTOB500,Teflon Gland Oring Backup Seal,6.6,,,6.6,,,Teflon Gland Oring Backup Seal,Inventory:67,NO,,YES
GTOB550,Teflon Gland Oring Backup Seal,8.8,,,8.8,,,Teflon Gland Oring Backup Seal,Inventory:68,NO,,YES
GVO062,Viton Gland Oring Seal,0.88,,,0.88,,,Viton Gland Oring Seal,Inventory:26,NO,,YES
GVO100,Viton Gland Oring Seal,0.99,,,0.99,,,Viton Gland Oring Seal,Inventory:27,NO,,YES
GVO138,Viton Gland Oring Seal,1.1,,,1.1,,,Viton Gland Oring Seal,Inventory:28,NO,,YES
GVO175,Viton Gland Oring Seal,1.21,,,1.21,,,Viton Gland Oring Seal,Inventory:29,NO,,YES
GVO200,Viton Gland Oring Seal,1.65,,,1.65,,,Viton Gland Oring Seal,Inventory:30,NO,,YES
GVO250,Viton Gland Oring Seal,2.2,,,2.2,,,Viton Gland Oring Seal,Inventory:31,NO,,YES
GVO300,Viton Gland Oring Seal,3.3,,,3.3,,,Viton Gland Oring Seal,Inventory:32,NO,,YES
GVO350,Viton Gland Oring Seal,3.3,,,3.3,,,Viton Gland Oring Seal,Inventory:33,NO,,YES
GVO400,Viton Gland Oring Seal,4.4,,,4.4,,,Viton Gland Oring Seal,Inventory:34,NO,,YES
GVO450,Viton Gland Oring Seal,5.5,,,5.5,,,Viton Gland Oring Seal,Inventory:35,NO,,YES
GVO500,Viton Gland Oring Seal,5.5,,,5.5,,,Viton Gland Oring Seal,Inventory:36,NO,,YES
GVO550,Viton Gland Oring Seal,7.7,,,7.7,,,Viton Gland Oring Seal,Inventory:37,NO,,YES
H15B,Barrel,1.15,,,1.15,,,Barrel,Inventory:583,NO,,YES
H15BB,H Nitrile Barrel Seal,1.1,,,1.1,,,H Nitrile Barrel Seal,Inventory:450,NO,,YES
H15BV,H Viton Barrel Seal,1.1,,,1.1,,,H Viton Barrel Seal,Inventory:392,NO,,YES
H15CEH,Hyd BEH Head,29.7,,,29.7,,,Hyd BEH Head,Inventory:302,NO,,YES
H15CEHTT,Hyd BEH Head,29.7,,,29.7,,,Hyd BEH Head,Inventory:303,NO,,YES
H15ME5,Hyd REH Head,47.3,,,47.3,,,Hyd REH Head,Inventory:242,NO,,YES
H15ME6,Hyd BEH Head,52.8,,,52.8,,,Hyd BEH Head,Inventory:304,NO,,YES
H15MF1,H MF1,26.130000000000003,,,26.130000000000003,,,H MF1,Inventory:495,NO,,YES
H15MF2,H MF2,20.9,,,20.9,,,H MF2,Inventory:486,NO,,YES
H15MF5,H MF5,37.4,,,37.4,,,H MF5,Inventory:477,NO,,YES
H15MF6,H MF6,27.5,,,27.5,,,H MF6,Inventory:468,NO,,YES
H15MP1,Hyd BEH Head,55.0,,,55.0,,,Hyd BEH Head,Inventory:305,NO,,YES
H15MP2,Hyd BEH Head,62.7,,,62.7,,,Hyd BEH Head,Inventory:306,NO,,YES
H15MP3,Hyd BEH Head,55.0,,,55.0,,,Hyd BEH Head,Inventory:307,NO,,YES
H15MPU3,Hyd BEH Head,85.8,,,85.8,,,Hyd BEH Head,Inventory:308,NO,,YES
H15MS2CEH,Hyd BEH Head,55.0,,,55.0,,,Hyd BEH Head,Inventory:309,NO,,YES
H15MS2REH,Hyd REH Head,47.3,,,47.3,,,Hyd REH Head,Inventory:243,NO,,YES
H15MT1,Hyd REH Head,105.6,,,105.6,,,Hyd REH Head,Inventory:244,NO,,YES
H15MT2,Hyd BEH Head,85.8,,,85.8,,,Hyd BEH Head,Inventory:310,NO,,YES
H15MT4,H MT4,50.6,,,50.6,,,H MT4,Inventory:459,NO,,YES
H15P062,H Piston,23.1,,,23.1,,,H Piston,Inventory:410,NO,,YES
H15P100,H Piston,23.1,,,23.1,,,H Piston,Inventory:411,NO,,YES
H15PB,H Nitrile/Buna Piston Seal,2.2,,,2.2,,,H Nitrile/Buna Piston Seal,Inventory:441,NO,,YES
H15PC,H Cast Iron Piston Seal,4.4,,,4.4,,,H Cast Iron Piston Seal,Inventory:513,NO,,YES
H15PL,H Low Friction Piston Seal,4.4,,,4.4,,,H Low Friction Piston Seal,Inventory:504,NO,,YES
H15PP,H Polyurethane Piston Seal,3.3,,,3.3,,,H Polyurethane Piston Seal,Inventory:401,NO,,YES
H15PV,H Viton Piston Seal,14.3,,,14.3,,,H Viton Piston Seal,Inventory:383,NO,,YES
H15REH062,Hyd REH Head,31.9,,,31.9,,,Hyd REH Head,Inventory:245,NO,,YES
H15REH100,Hyd REH Head,31.9,,,31.9,,,Hyd REH Head,Inventory:246,NO,,YES
H20B,Barrel,1.08,,,1.08,,,Barrel,Inventory:584,NO,,YES
H20BB,H Nitrile Barrel Seal,1.1,,,1.1,,,H Nitrile Barrel Seal,Inventory:451,NO,,YES
H20BV,H Viton Barrel Seal,1.1,,,1.1,,,H Viton Barrel Seal,Inventory:393,NO,,YES
H20CEH,Hyd BEH Head,29.7,,,29.7,,,Hyd BEH Head,Inventory:311,NO,,YES
H20CEHTT,Hyd BEH Head,30.8,,,30.8,,,Hyd BEH Head,Inventory:312,NO,,YES
H20ME5,Hyd REH Head,85.8,,,85.8,,,Hyd REH Head,Inventory:247,NO,,YES
H20ME6,Hyd BEH Head,70.4,,,70.4,,,Hyd BEH Head,Inventory:313,NO,,YES
H20MF1,H MF1,30.25,,,30.25,,,H MF1,Inventory:496,NO,,YES
H20MF2,H MF2,24.2,,,24.2,,,H MF2,Inventory:487,NO,,YES
H20MF5,H MF5,45.1,,,45.1,,,H MF5,Inventory:478,NO,,YES
H20MF6,H MF6,33.0,,,33.0,,,H MF6,Inventory:469,NO,,YES
H20MP1,Hyd BEH Head,62.7,,,62.7,,,Hyd BEH Head,Inventory:314,NO,,YES
H20MP2,Hyd BEH Head,73.7,,,73.7,,,Hyd BEH Head,Inventory:315,NO,,YES
H20MP3,Hyd BEH Head,70.4,,,70.4,,,Hyd BEH Head,Inventory:316,NO,,YES
H20MPU3,Hyd BEH Head,85.8,,,85.8,,,Hyd BEH Head,Inventory:317,NO,,YES
H20MS2CEH,Hyd BEH Head,70.4,,,70.4,,,Hyd BEH Head,Inventory:318,NO,,YES
H20MS2REH,Hyd REH Head,66.0,,,66.0,,,Hyd REH Head,Inventory:248,NO,,YES
H20MT1,Hyd REH Head,119.9,,,119.9,,,Hyd REH Head,Inventory:249,NO,,YES
H20MT2,Hyd BEH Head,93.5,,,93.5,,,Hyd BEH Head,Inventory:319,NO,,YES
H20MT4,H MT4,121.0,,,121.0,,,H MT4,Inventory:460,NO,,YES
H20P100,H Piston,25.3,,,25.3,,,H Piston,Inventory:412,NO,,YES
H20P137,H Piston,25.3,,,25.3,,,H Piston,Inventory:413,NO,,YES
H20PB,H Nitrile/Buna Piston Seal,3.3,,,3.3,,,H Nitrile/Buna Piston Seal,Inventory:442,NO,,YES
H20PC,H Cast Iron Piston Seal,6.6,,,6.6,,,H Cast Iron Piston Seal,Inventory:514,NO,,YES
H20PL,H Low Friction Piston Seal,6.6,,,6.6,,,H Low Friction Piston Seal,Inventory:505,NO,,YES
H20PP,H Polyurethane Piston Seal,3.3,,,3.3,,,H Polyurethane Piston Seal,Inventory:402,NO,,YES
H20PV,H Viton Piston Seal,16.5,,,16.5,,,H Viton Piston Seal,Inventory:384,NO,,YES
H20REH100,Hyd REH Head,49.5,,,49.5,,,Hyd REH Head,Inventory:250,NO,,YES
H20REH137,Hyd REH Head,49.5,,,49.5,,,Hyd REH Head,Inventory:251,NO,,YES
H25B,Barrel,1.72,,,1.72,,,Barrel,Inventory:585,NO,,YES
H25BB,H Nitrile Barrel Seal,1.1,,,1.1,,,H Nitrile Barrel Seal,Inventory:452,NO,,YES
H25BV,H Viton Barrel Seal,2.2,,,2.2,,,H Viton Barrel Seal,Inventory:394,NO,,YES
H25CEH,Hyd BEH Head,38.5,,,38.5,,,Hyd BEH Head,Inventory:320,NO,,YES
H25CEHTT,Hyd BEH Head,40.7,,,40.7,,,Hyd BEH Head,Inventory:321,NO,,YES
H25ME5,Hyd REH Head,89.1,,,89.1,,,Hyd REH Head,Inventory:252,NO,,YES
H25ME6,Hyd BEH Head,70.4,,,70.4,,,Hyd BEH Head,Inventory:322,NO,,YES
H25MF1,H MF1,37.129999999999995,,,37.129999999999995,,,H MF1,Inventory:497,NO,,YES
H25MF2,H MF2,29.7,,,29.7,,,H MF2,Inventory:488,NO,,YES
H25MF5,H MF5,53.9,,,53.9,,,H MF5,Inventory:479,NO,,YES
H25MF6,H MF6,39.6,,,39.6,,,H MF6,Inventory:470,NO,,YES
H25MP1,Hyd BEH Head,79.2,,,79.2,,,Hyd BEH Head,Inventory:323,NO,,YES
H25MP2,Hyd BEH Head,78.1,,,78.1,,,Hyd BEH Head,Inventory:324,NO,,YES
H25MP3,Hyd BEH Head,79.2,,,79.2,,,Hyd BEH Head,Inventory:325,NO,,YES
H25MPU3,Hyd BEH Head,96.8,,,96.8,,,Hyd BEH Head,Inventory:326,NO,,YES
H25MS2CEH,Hyd BEH Head,79.2,,,79.2,,,Hyd BEH Head,Inventory:327,NO,,YES
H25MS2REH,Hyd REH Head,66.0,,,66.0,,,Hyd REH Head,Inventory:253,NO,,YES
H25MT1,Hyd REH Head,132.0,,,132.0,,,Hyd REH Head,Inventory:254,NO,,YES
H25MT2,Hyd BEH Head,108.9,,,108.9,,,Hyd BEH Head,Inventory:328,NO,,YES
H25MT4,H MT4,126.5,,,126.5,,,H MT4,Inventory:461,NO,,YES
H25P100,H Piston,26.4,,,26.4,,,H Piston,Inventory:414,NO,,YES
H25P137,H Piston,26.4,,,26.4,,,H Piston,Inventory:415,NO,,YES
H25P175,H Piston,26.4,,,26.4,,,H Piston,Inventory:416,NO,,YES
H25PB,H Nitrile/Buna Piston Seal,3.3,,,3.3,,,H Nitrile/Buna Piston Seal,Inventory:443,NO,,YES
H25PC,H Cast Iron Piston Seal,8.8,,,8.8,,,H Cast Iron Piston Seal,Inventory:515,NO,,YES
H25PL,H Low Friction Piston Seal,8.8,,,8.8,,,H Low Friction Piston Seal,Inventory:506,NO,,YES
H25PP,H Polyurethane Piston Seal,3.3,,,3.3,,,H Polyurethane Piston Seal,Inventory:403,NO,,YES
H25PV,H Viton Piston Seal,20.9,,,20.9,,,H Viton Piston Seal,Inventory:385,NO,,YES
H25REH100,Hyd REH Head,83.6,,,83.6,,,Hyd REH Head,Inventory:255,NO,,YES
H25REH137,Hyd REH Head,83.6,,,83.6,,,Hyd REH Head,Inventory:256,NO,,YES
H25REH175,Hyd REH Head,83.6,,,83.6,,,Hyd REH Head,Inventory:257,NO,,YES
H32B,Barrel,2.7199999999999998,,,2.7199999999999998,,,Barrel,Inventory:586,NO,,YES
H32BB,H Nitrile Barrel Seal,1.1,,,1.1,,,H Nitrile Barrel Seal,Inventory:453,NO,,YES
H32BV,H Viton Barrel Seal,2.2,,,2.2,,,H Viton Barrel Seal,Inventory:395,NO,,YES
H32CEH,Hyd BEH Head,53.9,,,53.9,,,Hyd BEH Head,Inventory:329,NO,,YES
H32CEHTT,Hyd BEH Head,53.9,,,53.9,,,Hyd BEH Head,Inventory:330,NO,,YES
H32ME5,Hyd REH Head,101.2,,,101.2,,,Hyd REH Head,Inventory:258,NO,,YES
H32ME6,Hyd BEH Head,94.6,,,94.6,,,Hyd BEH Head,Inventory:331,NO,,YES
H32MF1,H MF1,44.0,,,44.0,,,H MF1,Inventory:498,NO,,YES
H32MF2,H MF2,35.2,,,35.2,,,H MF2,Inventory:489,NO,,YES
H32MF5,H MF5,63.8,,,63.8,,,H MF5,Inventory:480,NO,,YES
H32MF6,H MF6,47.3,,,47.3,,,H MF6,Inventory:471,NO,,YES
H32MP1,Hyd BEH Head,85.8,,,85.8,,,Hyd BEH Head,Inventory:332,NO,,YES
H32MP2,Hyd BEH Head,82.5,,,82.5,,,Hyd BEH Head,Inventory:333,NO,,YES
H32MP3,Hyd BEH Head,85.8,,,85.8,,,Hyd BEH Head,Inventory:334,NO,,YES
H32MPU3,Hyd BEH Head,101.2,,,101.2,,,Hyd BEH Head,Inventory:335,NO,,YES
H32MS2CEH,Hyd BEH Head,85.8,,,85.8,,,Hyd BEH Head,Inventory:336,NO,,YES
H32MS2REH,Hyd REH Head,124.3,,,124.3,,,Hyd REH Head,Inventory:259,NO,,YES
H32MT1,Hyd REH Head,162.8,,,162.8,,,Hyd REH Head,Inventory:260,NO,,YES
H32MT2,Hyd BEH Head,132.0,,,132.0,,,Hyd BEH Head,Inventory:337,NO,,YES
H32MT4,H MT4,137.5,,,137.5,,,H MT4,Inventory:462,NO,,YES
H32P137,H Piston,34.1,,,34.1,,,H Piston,Inventory:417,NO,,YES
H32P175,H Piston,34.1,,,34.1,,,H Piston,Inventory:418,NO,,YES
H32P200,H Piston,34.1,,,34.1,,,H Piston,Inventory:419,NO,,YES
H32PB,H Nitrile/Buna Piston Seal,3.3,,,3.3,,,H Nitrile/Buna Piston Seal,Inventory:444,NO,,YES
H32PC,H Cast Iron Piston Seal,11.0,,,11.0,,,H Cast Iron Piston Seal,Inventory:516,NO,,YES
H32PL,H Low Friction Piston Seal,11.0,,,11.0,,,H Low Friction Piston Seal,Inventory:507,NO,,YES
H32PP,H Polyurethane Piston Seal,3.3,,,3.3,,,H Polyurethane Piston Seal,Inventory:404,NO,,YES
H32PV,H Viton Piston Seal,24.2,,,24.2,,,H Viton Piston Seal,Inventory:386,NO,,YES
H32REH137,Hyd REH Head,70.4,,,70.4,,,Hyd REH Head,Inventory:261,NO,,YES
H32REH175,Hyd REH Head,71.5,,,71.5,,,Hyd REH Head,Inventory:262,NO,,YES
H32REH200,Hyd REH Head,71.5,,,71.5,,,Hyd REH Head,Inventory:263,NO,,YES
H40B,Barrel,3.26,,,3.26,,,Barrel,Inventory:587,NO,,YES
H40BB,H Nitrile Barrel Seal,1.1,,,1.1,,,H Nitrile Barrel Seal,Inventory:454,NO,,YES
H40BV,H Viton Barrel Seal,3.3,,,3.3,,,H Viton Barrel Seal,Inventory:396,NO,,YES
H40CEH,Hyd BEH Head,75.9,,,75.9,,,Hyd BEH Head,Inventory:338,NO,,YES
H40CEHTT,Hyd BEH Head,77.0,,,77.0,,,Hyd BEH Head,Inventory:339,NO,,YES
H40ME5,Hyd REH Head,196.9,,,196.9,,,Hyd REH Head,Inventory:264,NO,,YES
H40ME6,Hyd BEH Head,196.9,,,196.9,,,Hyd BEH Head,Inventory:340,NO,,YES
H40MF1,H MF1,52.25,,,52.25,,,H MF1,Inventory:499,NO,,YES
H40MF2,H MF2,41.8,,,41.8,,,H MF2,Inventory:490,NO,,YES
H40MF5,H MF5,77.0,,,77.0,,,H MF5,Inventory:481,NO,,YES
H40MF6,H MF6,57.2,,,57.2,,,H MF6,Inventory:472,NO,,YES
H40MP1,Hyd BEH Head,101.2,,,101.2,,,Hyd BEH Head,Inventory:341,NO,,YES
H40MP2,Hyd BEH Head,97.9,,,97.9,,,Hyd BEH Head,Inventory:342,NO,,YES
H40MP3,Hyd BEH Head,101.2,,,101.2,,,Hyd BEH Head,Inventory:343,NO,,YES
H40MPU3,Hyd BEH Head,169.4,,,169.4,,,Hyd BEH Head,Inventory:344,NO,,YES
H40MS2CEH,Hyd BEH Head,178.2,,,178.2,,,Hyd BEH Head,Inventory:345,NO,,YES
H40MS2REH,Hyd REH Head,132.0,,,132.0,,,Hyd REH Head,Inventory:265,NO,,YES
H40MT1,Hyd REH Head,170.5,,,170.5,,,Hyd REH Head,Inventory:266,NO,,YES
H40MT2,Hyd BEH Head,193.6,,,193.6,,,Hyd BEH Head,Inventory:346,NO,,YES
H40MT4,H MT4,176.0,,,176.0,,,H MT4,Inventory:463,NO,,YES
H40P175,H Piston,47.3,,,47.3,,,H Piston,Inventory:420,NO,,YES
H40P200,H Piston,47.3,,,47.3,,,H Piston,Inventory:421,NO,,YES
H40P250,H Piston,47.3,,,47.3,,,H Piston,Inventory:422,NO,,YES
H40PB,H Nitrile/Buna Piston Seal,4.4,,,4.4,,,H Nitrile/Buna Piston Seal,Inventory:445,NO,,YES
H40PC,H Cast Iron Piston Seal,13.2,,,13.2,,,H Cast Iron Piston Seal,Inventory:517,NO,,YES
H40PL,H Low Friction Piston Seal,13.2,,,13.2,,,H Low Friction Piston Seal,Inventory:508,NO,,YES
H40PP,H Polyurethane Piston Seal,7.7,,,7.7,,,H Polyurethane Piston Seal,Inventory:405,NO,,YES
H40PV,H Viton Piston Seal,37.4,,,37.4,,,H Viton Piston Seal,Inventory:387,NO,,YES
H40REH175,Hyd REH Head,67.1,,,67.1,,,Hyd REH Head,Inventory:267,NO,,YES
H40REH200,Hyd REH Head,67.1,,,67.1,,,Hyd REH Head,Inventory:268,NO,,YES
H40REH250,Hyd REH Head,67.1,,,67.1,,,Hyd REH Head,Inventory:269,NO,,YES
H50B,Barrel,7.7299999999999995,,,7.7299999999999995,,,Barrel,Inventory:588,NO,,YES
H50BB,H Nitrile Barrel Seal,1.1,,,1.1,,,H Nitrile Barrel Seal,Inventory:455,NO,,YES
H50BV,H Viton Barrel Seal,3.3,,,3.3,,,H Viton Barrel Seal,Inventory:397,NO,,YES
H50CEH,Hyd BEH Head,94.6,,,94.6,,,Hyd BEH Head,Inventory:347,NO,,YES
H50CEHTT,Hyd BEH Head,94.6,,,94.6,,,Hyd BEH Head,Inventory:348,NO,,YES
H50ME5,Hyd REH Head,210.1,,,210.1,,,Hyd REH Head,Inventory:270,NO,,YES
H50ME6,Hyd BEH Head,148.5,,,148.5,,,Hyd BEH Head,Inventory:349,NO,,YES
H50MF1,H MF1,63.25,,,63.25,,,H MF1,Inventory:500,NO,,YES
H50MF2,H MF2,50.6,,,50.6,,,H MF2,Inventory:491,NO,,YES
H50MF5,H MF5,92.4,,,92.4,,,H MF5,Inventory:482,NO,,YES
H50MF6,H MF6,68.2,,,68.2,,,H MF6,Inventory:473,NO,,YES
H50MP1,Hyd BEH Head,173.8,,,173.8,,,Hyd BEH Head,Inventory:350,NO,,YES
H50MP2,Hyd BEH Head,104.5,,,104.5,,,Hyd BEH Head,Inventory:351,NO,,YES
H50MP3,Hyd BEH Head,173.8,,,173.8,,,Hyd BEH Head,Inventory:352,NO,,YES
H50MS2CEH,Hyd BEH Head,193.6,,,193.6,,,Hyd BEH Head,Inventory:353,NO,,YES
H50MS2REH,Hyd REH Head,139.7,,,139.7,,,Hyd REH Head,Inventory:271,NO,,YES
H50MT1,Hyd REH Head,185.9,,,185.9,,,Hyd REH Head,Inventory:272,NO,,YES
H50MT2,Hyd BEH Head,193.6,,,193.6,,,Hyd BEH Head,Inventory:354,NO,,YES
H50MT4,H MT4,403.7,,,403.7,,,H MT4,Inventory:464,NO,,YES
H50P200,H Piston,77.0,,,77.0,,,H Piston,Inventory:423,NO,,YES
H50P250,H Piston,77.0,,,77.0,,,H Piston,Inventory:424,NO,,YES
H50P300,H Piston,77.0,,,77.0,,,H Piston,Inventory:425,NO,,YES
H50P350,H Piston,77.0,,,77.0,,,H Piston,Inventory:426,NO,,YES
H50PB,H Nitrile/Buna Piston Seal,8.8,,,8.8,,,H Nitrile/Buna Piston Seal,Inventory:446,NO,,YES
H50PC,H Cast Iron Piston Seal,15.4,,,15.4,,,H Cast Iron Piston Seal,Inventory:518,NO,,YES
H50PL,H Low Friction Piston Seal,15.4,,,15.4,,,H Low Friction Piston Seal,Inventory:509,NO,,YES
H50PP,H Polyurethane Piston Seal,8.8,,,8.8,,,H Polyurethane Piston Seal,Inventory:406,NO,,YES
H50PV,H Viton Piston Seal,47.3,,,47.3,,,H Viton Piston Seal,Inventory:388,NO,,YES
H50REH200,Hyd REH Head,139.7,,,139.7,,,Hyd REH Head,Inventory:273,NO,,YES
H50REH250,Hyd REH Head,147.4,,,147.4,,,Hyd REH Head,Inventory:274,NO,,YES
H50REH300,Hyd REH Head,149.6,,,149.6,,,Hyd REH Head,Inventory:275,NO,,YES
H50REH350,Hyd REH Head,155.1,,,155.1,,,Hyd REH Head,Inventory:276,NO,,YES
H60B,Barrel,8.68,,,8.68,,,Barrel,Inventory:589,NO,,YES
H60BB,H Nitrile Barrel Seal,1.1,,,1.1,,,H Nitrile Barrel Seal,Inventory:456,NO,,YES
H60BV,H Viton Barrel Seal,7.7,,,7.7,,,H Viton Barrel Seal,Inventory:398,NO,,YES
H60CEH,Hyd BEH Head,202.4,,,202.4,,,Hyd BEH Head,Inventory:355,NO,,YES
H60CEHTT,Hyd BEH Head,210.1,,,210.1,,,Hyd BEH Head,Inventory:356,NO,,YES
H60ME5,Hyd REH Head,233.2,,,233.2,,,Hyd REH Head,Inventory:277,NO,,YES
H60ME6,Hyd BEH Head,225.5,,,225.5,,,Hyd BEH Head,Inventory:357,NO,,YES
H60MF1,H MF1,75.63000000000001,,,75.63000000000001,,,H MF1,Inventory:501,NO,,YES
H60MF2,H MF2,60.5,,,60.5,,,H MF2,Inventory:492,NO,,YES
H60MF5,H MF5,129.8,,,129.8,,,H MF5,Inventory:483,NO,,YES
H60MF6,H MF6,81.4,,,81.4,,,H MF6,Inventory:474,NO,,YES
H60MP1,Hyd BEH Head,217.8,,,217.8,,,Hyd BEH Head,Inventory:358,NO,,YES
H60MP2,Hyd BEH Head,240.9,,,240.9,,,Hyd BEH Head,Inventory:359,NO,,YES
H60MP3,Hyd BEH Head,240.9,,,240.9,,,Hyd BEH Head,Inventory:360,NO,,YES
H60MS2CEH,Hyd BEH Head,240.9,,,240.9,,,Hyd BEH Head,Inventory:361,NO,,YES
H60MS2REH,Hyd REH Head,156.2,,,156.2,,,Hyd REH Head,Inventory:278,NO,,YES
H60MT1,Hyd REH Head,233.2,,,233.2,,,Hyd REH Head,Inventory:279,NO,,YES
H60MT2,Hyd BEH Head,233.2,,,233.2,,,Hyd BEH Head,Inventory:362,NO,,YES
H60MT4,H MT4,442.2,,,442.2,,,H MT4,Inventory:465,NO,,YES
H60P250,H Piston,104.5,,,104.5,,,H Piston,Inventory:427,NO,,YES
H60P300,H Piston,104.5,,,104.5,,,H Piston,Inventory:428,NO,,YES
H60P350,H Piston,104.5,,,104.5,,,H Piston,Inventory:429,NO,,YES
H60P400,H Piston,104.5,,,104.5,,,H Piston,Inventory:430,NO,,YES
H60PB,H Nitrile/Buna Piston Seal,11.0,,,11.0,,,H Nitrile/Buna Piston Seal,Inventory:447,NO,,YES
H60PC,H Cast Iron Piston Seal,17.6,,,17.6,,,H Cast Iron Piston Seal,Inventory:519,NO,,YES
H60PL,H Low Friction Piston Seal,17.6,,,17.6,,,H Low Friction Piston Seal,Inventory:510,NO,,YES
H60PP,H Polyurethane Piston Seal,18.7,,,18.7,,,H Polyurethane Piston Seal,Inventory:407,NO,,YES
H60PV,H Viton Piston Seal,66.0,,,66.0,,,H Viton Piston Seal,Inventory:389,NO,,YES
H60REH250,Hyd REH Head,264.0,,,264.0,,,Hyd REH Head,Inventory:280,NO,,YES
H60REH300,Hyd REH Head,264.0,,,264.0,,,Hyd REH Head,Inventory:281,NO,,YES
H60REH350,Hyd REH Head,264.0,,,264.0,,,Hyd REH Head,Inventory:282,NO,,YES
H60REH400,Hyd REH Head,264.0,,,264.0,,,Hyd REH Head,Inventory:283,NO,,YES
H70B,Barrel,10.11,,,10.11,,,Barrel,Inventory:590,NO,,YES
H70BB,H Nitrile Barrel Seal,1.1,,,1.1,,,H Nitrile Barrel Seal,Inventory:457,NO,,YES
H70BV,H Viton Barrel Seal,7.7,,,7.7,,,H Viton Barrel Seal,Inventory:399,NO,,YES
H70CEH,Hyd BEH Head,207.9,,,207.9,,,Hyd BEH Head,Inventory:363,NO,,YES
H70CEHTT,Hyd BEH Head,248.6,,,248.6,,,Hyd BEH Head,Inventory:364,NO,,YES
H70ME3,Hyd REH Head,310.2,,,310.2,,,Hyd REH Head,Inventory:284,NO,,YES
H70ME4,Hyd BEH Head,325.6,,,325.6,,,Hyd BEH Head,Inventory:365,NO,,YES
H70ME5,Hyd REH Head,348.7,,,348.7,,,Hyd REH Head,Inventory:285,NO,,YES
H70ME6,Hyd BEH Head,341.0,,,341.0,,,Hyd BEH Head,Inventory:366,NO,,YES
H70MF1,H MF1,90.75,,,90.75,,,H MF1,Inventory:502,NO,,YES
H70MF2,H MF2,72.6,,,72.6,,,H MF2,Inventory:493,NO,,YES
H70MF5,H MF5,143.0,,,143.0,,,H MF5,Inventory:484,NO,,YES
H70MF6,H MF6,97.9,,,97.9,,,H MF6,Inventory:475,NO,,YES
H70MP1,Hyd BEH Head,390.5,,,390.5,,,Hyd BEH Head,Inventory:367,NO,,YES
H70MP2,Hyd BEH Head,193.6,,,193.6,,,Hyd BEH Head,Inventory:368,NO,,YES
H70MP3,Hyd BEH Head,390.5,,,390.5,,,Hyd BEH Head,Inventory:369,NO,,YES
H70MS2CEH,Hyd BEH Head,260.7,,,260.7,,,Hyd BEH Head,Inventory:370,NO,,YES
H70MS2REH,Hyd REH Head,364.1,,,364.1,,,Hyd REH Head,Inventory:286,NO,,YES
H70MT1,Hyd REH Head,465.3,,,465.3,,,Hyd REH Head,Inventory:287,NO,,YES
H70MT2,Hyd BEH Head,260.7,,,260.7,,,Hyd BEH Head,Inventory:371,NO,,YES
H70MT4,H MT4,500.5,,,500.5,,,H MT4,Inventory:466,NO,,YES
H70P300,H Piston,176.0,,,176.0,,,H Piston,Inventory:431,NO,,YES
H70P350,H Piston,176.0,,,176.0,,,H Piston,Inventory:432,NO,,YES
H70P400,H Piston,176.0,,,176.0,,,H Piston,Inventory:433,NO,,YES
H70P450,H Piston,176.0,,,176.0,,,H Piston,Inventory:434,NO,,YES
H70P500,H Piston,176.0,,,176.0,,,H Piston,Inventory:435,NO,,YES
H70PB,H Nitrile/Buna Piston Seal,18.7,,,18.7,,,H Nitrile/Buna Piston Seal,Inventory:448,NO,,YES
H70PC,H Cast Iron Piston Seal,6.6,,,6.6,,,H Cast Iron Piston Seal,Inventory:520,NO,,YES
H70PL,H Low Friction Piston Seal,6.6,,,6.6,,,H Low Friction Piston Seal,Inventory:511,NO,,YES
H70PP,H Polyurethane Piston Seal,22.0,,,22.0,,,H Polyurethane Piston Seal,Inventory:408,NO,,YES
H70PV,H Viton Piston Seal,85.8,,,85.8,,,H Viton Piston Seal,Inventory:390,NO,,YES
H70REH300,Hyd REH Head,310.2,,,310.2,,,Hyd REH Head,Inventory:288,NO,,YES
H70REH350,Hyd REH Head,310.2,,,310.2,,,Hyd REH Head,Inventory:289,NO,,YES
H70REH400,Hyd REH Head,310.2,,,310.2,,,Hyd REH Head,Inventory:290,NO,,YES
H70REH450,Hyd REH Head,310.2,,,310.2,,,Hyd REH Head,Inventory:291,NO,,YES
H70REH500,Hyd REH Head,310.2,,,310.2,,,Hyd REH Head,Inventory:292,NO,,YES
H80B,Barrel,15.129999999999999,,,15.129999999999999,,,Barrel,Inventory:591,NO,,YES
H80BB,H Nitrile Barrel Seal,2.2,,,2.2,,,H Nitrile Barrel Seal,Inventory:458,NO,,YES
H80BV,H Viton Barrel Seal,8.8,,,8.8,,,H Viton Barrel Seal,Inventory:400,NO,,YES
H80CEH,Hyd BEH Head,264.0,,,264.0,,,Hyd BEH Head,Inventory:372,NO,,YES
H80CEHTT,Hyd BEH Head,302.5,,,302.5,,,Hyd BEH Head,Inventory:373,NO,,YES
H80ME3,Hyd REH Head,387.2,,,387.2,,,Hyd REH Head,Inventory:293,NO,,YES
H80ME4,Hyd BEH Head,325.6,,,325.6,,,Hyd BEH Head,Inventory:374,NO,,YES
H80ME5,Hyd REH Head,465.3,,,465.3,,,Hyd REH Head,Inventory:294,NO,,YES
H80ME6,Hyd BEH Head,387.2,,,387.2,,,Hyd BEH Head,Inventory:375,NO,,YES
H80MF1,H MF1,108.63000000000001,,,108.63000000000001,,,H MF1,Inventory:503,NO,,YES
H80MF2,H MF2,86.9,,,86.9,,,H MF2,Inventory:494,NO,,YES
H80MF5,H MF5,158.4,,,158.4,,,H MF5,Inventory:485,NO,,YES
H80MF6,H MF6,117.7,,,117.7,,,H MF6,Inventory:476,NO,,YES
H80MP1,Hyd BEH Head,390.5,,,390.5,,,Hyd BEH Head,Inventory:376,NO,,YES
H80MP2,Hyd BEH Head,234.3,,,234.3,,,Hyd BEH Head,Inventory:377,NO,,YES
H80MP3,Hyd BEH Head,390.5,,,390.5,,,Hyd BEH Head,Inventory:378,NO,,YES
H80MS2CEH,Hyd BEH Head,387.2,,,387.2,,,Hyd BEH Head,Inventory:379,NO,,YES
H80MS2REH,Hyd REH Head,503.8,,,503.8,,,Hyd REH Head,Inventory:295,NO,,YES
H80MT1,Hyd REH Head,465.3,,,465.3,,,Hyd REH Head,Inventory:296,NO,,YES
H80MT2,Hyd BEH Head,442.2,,,442.2,,,Hyd BEH Head,Inventory:380,NO,,YES
H80MT4,H MT4,542.3,,,542.3,,,H MT4,Inventory:467,NO,,YES
H80P350,H Piston,211.2,,,211.2,,,H Piston,Inventory:436,NO,,YES
H80P400,H Piston,211.2,,,211.2,,,H Piston,Inventory:437,NO,,YES
H80P450,H Piston,211.2,,,211.2,,,H Piston,Inventory:438,NO,,YES
H80P500,H Piston,211.2,,,211.2,,,H Piston,Inventory:439,NO,,YES
H80P550,H Piston,211.2,,,211.2,,,H Piston,Inventory:440,NO,,YES
H80PB,H Nitrile/Buna Piston Seal,19.8,,,19.8,,,H Nitrile/Buna Piston Seal,Inventory:449,NO,,YES
H80PC,H Cast Iron Piston Seal,19.8,,,19.8,,,H Cast Iron Piston Seal,Inventory:521,NO,,YES
H80PL,H Low Friction Piston Seal,19.8,,,19.8,,,H Low Friction Piston Seal,Inventory:512,NO,,YES
H80PP,H Polyurethane Piston Seal,25.3,,,25.3,,,H Polyurethane Piston Seal,Inventory:409,NO,,YES
H80PV,H Viton Piston Seal,93.5,,,93.5,,,H Viton Piston Seal,Inventory:391,NO,,YES
H80REH350,Hyd REH Head,348.7,,,348.7,,,Hyd REH Head,Inventory:297,NO,,YES
H80REH400,Hyd REH Head,348.7,,,348.7,,,Hyd REH Head,Inventory:298,NO,,YES
H80REH450,Hyd REH Head,348.7,,,348.7,,,Hyd REH Head,Inventory:299,NO,,YES
H80REH500,Hyd REH Head,348.7,,,348.7,,,Hyd REH Head,Inventory:300,NO,,YES
H80REH550,Hyd REH Head,348.7,,,348.7,,,Hyd REH Head,Inventory:301,NO,,YES
HCC062,Hydraulic Cushion Collar,16.5,,,16.5,,,Hydraulic Cushion Collar,Inventory:231,NO,,YES
HCC100,Hydraulic Cushion Collar,16.5,,,16.5,,,Hydraulic Cushion Collar,Inventory:232,NO,,YES
HCC138,Hydraulic Cushion Collar,16.5,,,16.5,,,Hydraulic Cushion Collar,Inventory:233,NO,,YES
HCC175,Hydraulic Cushion Collar,16.5,,,16.5,,,Hydraulic Cushion Collar,Inventory:234,NO,,YES
HCC200,Hydraulic Cushion Collar,16.5,,,16.5,,,Hydraulic Cushion Collar,Inventory:235,NO,,YES
HCC250,Hydraulic Cushion Collar,24.2,,,24.2,,,Hydraulic Cushion Collar,Inventory:236,NO,,YES
HCC300,Hydraulic Cushion Collar,24.2,,,24.2,,,Hydraulic Cushion Collar,Inventory:237,NO,,YES
HCC400,Hydraulic Cushion Collar,24.2,,,24.2,,,Hydraulic Cushion Collar,Inventory:238,NO,,YES
HCC450,Hydraulic Cushion Collar,39.6,,,39.6,,,Hydraulic Cushion Collar,Inventory:239,NO,,YES
HCC500,Hydraulic Cushion Collar,78.1,,,78.1,,,Hydraulic Cushion Collar,Inventory:240,NO,,YES
HCC550,Hydraulic Cushion Collar,78.1,,,78.1,,,Hydraulic Cushion Collar,Inventory:241,NO,,YES
JN044,Jam Nut 7/16-20,3.3,6.0,ShipVia,3.3,6.0,6.0,Jam Nut 7/16-20 | Jam Nut,Inventory:216 | ShipVia:97 | Acc:36,NO,,YES
JN050,Jam Nut 1/2-20,3.3,7.0,ShipVia,3.3,7.0,7.0,Jam Nut 1/2-20 | Jam Nut,Inventory:219 | ShipVia:98 | Acc:37,NO,,YES
JN075,Jam Nut 3/4-16,3.3,10.0,ShipVia,3.3,10.0,10.0,Jam Nut 3/4-16 | Jam Nut,Inventory:217 | ShipVia:99 | Acc:38,NO,,YES
JN087,Jam Nut 7/8-14,5.5,11.0,ShipVia,5.5,11.0,11.0,Jam Nut 7/8-14 | Jam Nut,Inventory:215 | ShipVia:100 | Acc:39,NO,,YES
JN100,Jam Nut 1-14,5.5,12.0,ShipVia,5.5,12.0,12.0,Jam Nut 1-14 | Jam Nut,Inventory:218 | ShipVia:101 | Acc:40,NO,,YES
JN125,Jam Nut 1 1/4-12,6.6,13.0,ShipVia,6.6,13.0,13.0,Jam Nut 1 1/4-12 | Jam Nut,Inventory:220 | ShipVia:102 | Acc:41,NO,,YES
JN150,Jam Nut 1 1/2-12,6.6,15.0,ShipVia,6.6,15.0,15.0,Jam Nut 1 1/2-12 | Jam Nut,Inventory:221 | ShipVia:103 | Acc:42,NO,,YES
JN175,Jam Nut 1 3/4-12,,30.0,ShipVia,,30.0,30.0,Jam Nut 1 3/4-12 | Jam Nut,ShipVia:104 | Acc:43,NO,,YES
JN187,Jam Nut 1 7/8-12,,51.0,ShipVia,,51.0,51.0,Jam Nut 1 7/8-12 | Jam Nut,ShipVia:105 | Acc:44,NO,,YES
JN250,Jam Nut 2 1/2,,121.0,ShipVia,,121.0,121.0,Jam Nut 2 1/2 | Jam Nut,ShipVia:106 | Acc:45,NO,,YES
JN300,Jam Nut 3,,159.0,ShipVia,,159.0,159.0,Jam Nut 3 | Jam Nut,ShipVia:107 | Acc:46,NO,,YES
JN325,Jam Nut 3 1/4,,210.0,ShipVia,,210.0,210.0,Jam Nut 3 1/4 | Jam Nut,ShipVia:108 | Acc:47,NO,,YES
KAG06,Air Gland Nitrile Seal Kit,,143.0,ShipVia,,143.0,,Air Gland Nitrile Seal Kit,ShipVia:109,NO,,YES
KAG10,Air Gland Nitrile Seal Kit,,187.0,ShipVia,,187.0,,Air Gland Nitrile Seal Kit,ShipVia:110,NO,,YES
KAG13,Air Gland Nitrile Seal Kit,,245.0,ShipVia,,245.0,,Air Gland Nitrile Seal Kit,ShipVia:111,NO,,YES
KAG17,Air Gland Nitrile Seal Kit,,303.0,ShipVia,,303.0,,Air Gland Nitrile Seal Kit,ShipVia:112,NO,,YES
KAG20,Air Gland Nitrile Seal Kit,,372.0,ShipVia,,372.0,,Air Gland Nitrile Seal Kit,ShipVia:113,NO,,YES
KAG25,Air Gland Nitrile Seal Kit,,419.0,ShipVia,,419.0,,Air Gland Nitrile Seal Kit,ShipVia:114,NO,,YES
KAG30,Air Gland Nitrile Seal Kit,,603.0,ShipVia,,603.0,,Air Gland Nitrile Seal Kit,ShipVia:115,NO,,YES
KAG35,Air Gland Nitrile Seal Kit,,663.0,ShipVia,,663.0,,Air Gland Nitrile Seal Kit,ShipVia:116,NO,,YES
KAG40,Air Gland Nitrile Seal Kit,,778.0,ShipVia,,778.0,,Air Gland Nitrile Seal Kit,ShipVia:117,NO,,YES
KAGH06,Air Gland HNBR Seal Kit,,217.0,ShipVia,,217.0,,Air Gland HNBR Seal Kit,ShipVia:118,NO,,YES
KAGH10,Air Gland HNBR Seal Kit,,284.0,ShipVia,,284.0,,Air Gland HNBR Seal Kit,ShipVia:119,NO,,YES
KAGH13,Air Gland HNBR Seal Kit,,373.0,ShipVia,,373.0,,Air Gland HNBR Seal Kit,ShipVia:120,NO,,YES
KAGH17,Air Gland HNBR Seal Kit,,460.0,ShipVia,,460.0,,Air Gland HNBR Seal Kit,ShipVia:121,NO,,YES
KAGH20,Air Gland HNBR Seal Kit,,565.0,ShipVia,,565.0,,Air Gland HNBR Seal Kit,ShipVia:122,NO,,YES
KAGH25,Air Gland HNBR Seal Kit,,637.0,ShipVia,,637.0,,Air Gland HNBR Seal Kit,ShipVia:123,NO,,YES
KAGH30,Air Gland HNBR Seal Kit,,916.0,ShipVia,,916.0,,Air Gland HNBR Seal Kit,ShipVia:124,NO,,YES
KAGH35,Air Gland HNBR Seal Kit,,1007.0,ShipVia,,1007.0,,Air Gland HNBR Seal Kit,ShipVia:125,NO,,YES
KAGH40,Air Gland HNBR Seal Kit,,1182.0,ShipVia,,1182.0,,Air Gland HNBR Seal Kit,ShipVia:126,NO,,YES
KAGV06,Air Gland Viton Seal Kit,,200.0,ShipVia,,200.0,,Air Gland Viton Seal Kit,ShipVia:127,NO,,YES
KAGV10,Air Gland Viton Seal Kit,,260.0,ShipVia,,260.0,,Air Gland Viton Seal Kit,ShipVia:128,NO,,YES
KAGV13,Air Gland Viton Seal Kit,,344.0,ShipVia,,344.0,,Air Gland Viton Seal Kit,ShipVia:129,NO,,YES
KAGV17,Air Gland Viton Seal Kit,,424.0,ShipVia,,424.0,,Air Gland Viton Seal Kit,ShipVia:130,NO,,YES
KAGV20,Air Gland Viton Seal Kit,,520.0,ShipVia,,520.0,,Air Gland Viton Seal Kit,ShipVia:131,NO,,YES
KAGV25,Air Gland Viton Seal Kit,,587.0,ShipVia,,587.0,,Air Gland Viton Seal Kit,ShipVia:132,NO,,YES
KAGV30,Air Gland Viton Seal Kit,,845.0,ShipVia,,845.0,,Air Gland Viton Seal Kit,ShipVia:133,NO,,YES
KAGV35,Air Gland Viton Seal Kit,,928.0,ShipVia,,928.0,,Air Gland Viton Seal Kit,ShipVia:134,NO,,YES
KAGV40,Air Gland Viton Seal Kit,,1089.0,ShipVia,,1089.0,,Air Gland Viton Seal Kit,ShipVia:135,NO,,YES
KAP100,Air Piston Nitrile Seal Kit,,810.0,ShipVia,,810.0,,Air Piston Nitrile Seal Kit,ShipVia:136,NO,,YES
KAP120,Air Piston Nitrile Seal Kit,,1055.0,ShipVia,,1055.0,,Air Piston Nitrile Seal Kit,ShipVia:137,NO,,YES
KAP140,Air Piston Nitrile Seal Kit,,1295.0,ShipVia,,1295.0,,Air Piston Nitrile Seal Kit,ShipVia:138,NO,,YES
KAP15,Air Piston Nitrile Seal Kit,,55.0,ShipVia,,55.0,,Air Piston Nitrile Seal Kit,ShipVia:139,NO,,YES
KAP20,Air Piston Nitrile Seal Kit,,68.0,ShipVia,,68.0,,Air Piston Nitrile Seal Kit,ShipVia:140,NO,,YES
KAP25,Air Piston Nitrile Seal Kit,,79.0,ShipVia,,79.0,,Air Piston Nitrile Seal Kit,ShipVia:141,NO,,YES
KAP32,Air Piston Nitrile Seal Kit,,109.0,ShipVia,,109.0,,Air Piston Nitrile Seal Kit,ShipVia:142,NO,,YES
KAP40,Air Piston Nitrile Seal Kit,,130.0,ShipVia,,130.0,,Air Piston Nitrile Seal Kit,ShipVia:143,NO,,YES
KAP50,Air Piston Nitrile Seal Kit,,212.0,ShipVia,,212.0,,Air Piston Nitrile Seal Kit,ShipVia:144,NO,,YES
KAP60,Air Piston Nitrile Seal Kit,,325.0,ShipVia,,325.0,,Air Piston Nitrile Seal Kit,ShipVia:145,NO,,YES
KAP70,Air Piston Nitrile Seal Kit,,439.0,ShipVia,,439.0,,Air Piston Nitrile Seal Kit,ShipVia:146,NO,,YES
KAP80,Air Piston Nitrile Seal Kit,,503.0,ShipVia,,503.0,,Air Piston Nitrile Seal Kit,ShipVia:147,NO,,YES
KAPH100,Air Piston HNBR Seal Kit,,1215.0,ShipVia,,1215.0,,Air Piston HNBR Seal Kit,ShipVia:148,NO,,YES
KAPH120,Air Piston HNBR Seal Kit,,1583.0,ShipVia,,1583.0,,Air Piston HNBR Seal Kit,ShipVia:149,NO,,YES
KAPH140,Air Piston HNBR Seal Kit,,1943.0,ShipVia,,1943.0,,Air Piston HNBR Seal Kit,ShipVia:150,NO,,YES
KAPH15,Air Piston HNBR Seal Kit,,83.0,ShipVia,,83.0,,Air Piston HNBR Seal Kit,ShipVia:151,NO,,YES
KAPH20,Air Piston HNBR Seal Kit,,102.0,ShipVia,,102.0,,Air Piston HNBR Seal Kit,ShipVia:152,NO,,YES
KAPH25,Air Piston HNBR Seal Kit,,119.0,ShipVia,,119.0,,Air Piston HNBR Seal Kit,ShipVia:153,NO,,YES
KAPH32,Air Piston HNBR Seal Kit,,164.0,ShipVia,,164.0,,Air Piston HNBR Seal Kit,ShipVia:154,NO,,YES
KAPH40,Air Piston HNBR Seal Kit,,195.0,ShipVia,,195.0,,Air Piston HNBR Seal Kit,ShipVia:155,NO,,YES
KAPH50,Air Piston HNBR Seal Kit,,317.0,ShipVia,,317.0,,Air Piston HNBR Seal Kit,ShipVia:156,NO,,YES
KAPH60,Air Piston HNBR Seal Kit,,488.0,ShipVia,,488.0,,Air Piston HNBR Seal Kit,ShipVia:157,NO,,YES
KAPH70,Air Piston HNBR Seal Kit,,659.0,ShipVia,,659.0,,Air Piston HNBR Seal Kit,ShipVia:158,NO,,YES
KAPH80,Air Piston HNBR Seal Kit,,754.0,ShipVia,,754.0,,Air Piston HNBR Seal Kit,ShipVia:159,NO,,YES
KAPL100,Air Piston Low Friction Seal Kit,,891.0,ShipVia,,891.0,,Air Piston Low Friction Seal Kit,ShipVia:160,NO,,YES
KAPL120,Air Piston Low Friction Seal Kit,,1161.0,ShipVia,,1161.0,,Air Piston Low Friction Seal Kit,ShipVia:161,NO,,YES
KAPL140,Air Piston Low Friction Seal Kit,,1425.0,ShipVia,,1425.0,,Air Piston Low Friction Seal Kit,ShipVia:162,NO,,YES
KAPL15,Air Piston Low Friction Seal Kit,,61.0,ShipVia,,61.0,,Air Piston Low Friction Seal Kit,ShipVia:163,NO,,YES
KAPL20,Air Piston Low Friction Seal Kit,,75.0,ShipVia,,75.0,,Air Piston Low Friction Seal Kit,ShipVia:164,NO,,YES
KAPL25,Air Piston Low Friction Seal Kit,,87.0,ShipVia,,87.0,,Air Piston Low Friction Seal Kit,ShipVia:165,NO,,YES
KAPL32,Air Piston Low Friction Seal Kit,,120.0,ShipVia,,120.0,,Air Piston Low Friction Seal Kit,ShipVia:166,NO,,YES
KAPL40,Air Piston Low Friction Seal Kit,,143.0,ShipVia,,143.0,,Air Piston Low Friction Seal Kit,ShipVia:167,NO,,YES
KAPL50,Air Piston Low Friction Seal Kit,,233.0,ShipVia,,233.0,,Air Piston Low Friction Seal Kit,ShipVia:168,NO,,YES
KAPL60,Air Piston Low Friction Seal Kit,,358.0,ShipVia,,358.0,,Air Piston Low Friction Seal Kit,ShipVia:169,NO,,YES
KAPL70,Air Piston Low Friction Seal Kit,,483.0,ShipVia,,483.0,,Air Piston Low Friction Seal Kit,ShipVia:170,NO,,YES
KAPL80,Air Piston Low Friction Seal Kit,,553.0,ShipVia,,553.0,,Air Piston Low Friction Seal Kit,ShipVia:171,NO,,YES
KAPV100,Air Piston Viton Seal Kit,,1135.0,ShipVia,,1135.0,,Air Piston Viton Seal Kit,ShipVia:172,NO,,YES
KAPV120,Air Piston Viton Seal Kit,,1478.0,ShipVia,,1478.0,,Air Piston Viton Seal Kit,ShipVia:173,NO,,YES
KAPV140,Air Piston Viton Seal Kit,,1812.0,ShipVia,,1812.0,,Air Piston Viton Seal Kit,ShipVia:174,NO,,YES
KAPV15,Air Piston Viton Seal Kit,,78.0,ShipVia,,78.0,,Air Piston Viton Seal Kit,ShipVia:175,NO,,YES
KAPV20,Air Piston Viton Seal Kit,,95.0,ShipVia,,95.0,,Air Piston Viton Seal Kit,ShipVia:176,NO,,YES
KAPV25,Air Piston Viton Seal Kit,,110.0,ShipVia,,110.0,,Air Piston Viton Seal Kit,ShipVia:177,NO,,YES
KAPV32,Air Piston Viton Seal Kit,,154.0,ShipVia,,154.0,,Air Piston Viton Seal Kit,ShipVia:178,NO,,YES
KAPV40,Air Piston Viton Seal Kit,,183.0,ShipVia,,183.0,,Air Piston Viton Seal Kit,ShipVia:179,NO,,YES
KAPV50,Air Piston Viton Seal Kit,,297.0,ShipVia,,297.0,,Air Piston Viton Seal Kit,ShipVia:180,NO,,YES
KAPV60,Air Piston Viton Seal Kit,,454.0,ShipVia,,454.0,,Air Piston Viton Seal Kit,ShipVia:181,NO,,YES
KAPV70,Air Piston Viton Seal Kit,,615.0,ShipVia,,615.0,,Air Piston Viton Seal Kit,ShipVia:182,NO,,YES
KAPV80,Air Piston Viton Seal Kit,,704.0,ShipVia,,704.0,,Air Piston Viton Seal Kit,ShipVia:183,NO,,YES
KAR06,Air Rod Nitrile Seal Kit,,42.0,ShipVia,,42.0,,Air Rod Nitrile Seal Kit,ShipVia:184,NO,,YES
KAR10,Air Rod Nitrile Seal Kit,,45.0,ShipVia,,45.0,,Air Rod Nitrile Seal Kit,ShipVia:185,NO,,YES
KAR13,Air Rod Nitrile Seal Kit,,63.0,ShipVia,,63.0,,Air Rod Nitrile Seal Kit,ShipVia:186,NO,,YES
KAR17,Air Rod Nitrile Seal Kit,,63.0,ShipVia,,63.0,,Air Rod Nitrile Seal Kit,ShipVia:187,NO,,YES
KAR20,Air Rod Nitrile Seal Kit,,73.0,ShipVia,,73.0,,Air Rod Nitrile Seal Kit,ShipVia:188,NO,,YES
KAR25,Air Rod Nitrile Seal Kit,,83.0,ShipVia,,83.0,,Air Rod Nitrile Seal Kit,ShipVia:189,NO,,YES
KAR30,Air Rod Nitrile Seal Kit,,117.0,ShipVia,,117.0,,Air Rod Nitrile Seal Kit,ShipVia:190,NO,,YES
KAR35,Air Rod Nitrile Seal Kit,,134.0,ShipVia,,134.0,,Air Rod Nitrile Seal Kit,ShipVia:191,NO,,YES
KAR40,Air Rod Nitrile Seal Kit,,168.0,ShipVia,,168.0,,Air Rod Nitrile Seal Kit,ShipVia:192,NO,,YES
KARL06,Air Rod Low Friction Seal Kit,,54.0,ShipVia,,54.0,,Air Rod Low Friction Seal Kit,ShipVia:193,NO,,YES
KARL10,Air Rod Low Friction Seal Kit,,59.0,ShipVia,,59.0,,Air Rod Low Friction Seal Kit,ShipVia:194,NO,,YES
KARL13,Air Rod Low Friction Seal Kit,,82.0,ShipVia,,82.0,,Air Rod Low Friction Seal Kit,ShipVia:195,NO,,YES
KARL17,Air Rod Low Friction Seal Kit,,82.0,ShipVia,,82.0,,Air Rod Low Friction Seal Kit,ShipVia:196,NO,,YES
KARL20,Air Rod Low Friction Seal Kit,,95.0,ShipVia,,95.0,,Air Rod Low Friction Seal Kit,ShipVia:197,NO,,YES
KARL25,Air Rod Low Friction Seal Kit,,108.0,ShipVia,,108.0,,Air Rod Low Friction Seal Kit,ShipVia:198,NO,,YES
KARL30,Air Rod Low Friction Seal Kit,,152.0,ShipVia,,152.0,,Air Rod Low Friction Seal Kit,ShipVia:199,NO,,YES
KARL35,Air Rod Low Friction Seal Kit,,174.0,ShipVia,,174.0,,Air Rod Low Friction Seal Kit,ShipVia:200,NO,,YES
KARL40,Air Rod Low Friction Seal Kit,,218.0,ShipVia,,218.0,,Air Rod Low Friction Seal Kit,ShipVia:201,NO,,YES
KARV06,Air Rod Viton Seal Kit,,59.0,ShipVia,,59.0,,Air Rod Viton Seal Kit,ShipVia:202,NO,,YES
KARV10,Air Rod Viton Seal Kit,,63.0,ShipVia,,63.0,,Air Rod Viton Seal Kit,ShipVia:203,NO,,YES
KARV13,Air Rod Viton Seal Kit,,88.0,ShipVia,,88.0,,Air Rod Viton Seal Kit,ShipVia:204,NO,,YES
KARV17,Air Rod Viton Seal Kit,,88.0,ShipVia,,88.0,,Air Rod Viton Seal Kit,ShipVia:205,NO,,YES
KARV20,Air Rod Viton Seal Kit,,102.0,ShipVia,,102.0,,Air Rod Viton Seal Kit,ShipVia:206,NO,,YES
KARV25,Air Rod Viton Seal Kit,,117.0,ShipVia,,117.0,,Air Rod Viton Seal Kit,ShipVia:207,NO,,YES
KARV30,Air Rod Viton Seal Kit,,162.0,ShipVia,,162.0,,Air Rod Viton Seal Kit,ShipVia:208,NO,,YES
KARV35,Air Rod Viton Seal Kit,,188.0,ShipVia,,188.0,,Air Rod Viton Seal Kit,ShipVia:209,NO,,YES
KARV40,Air Rod Viton Seal Kit,,234.0,ShipVia,,234.0,,Air Rod Viton Seal Kit,ShipVia:210,NO,,YES
KHG06,Hyd Gland Poly Seal Kit,,158.0,ShipVia,,158.0,,Hyd Gland Poly Seal Kit,ShipVia:211,NO,,YES
KHG10,Hyd Gland Poly Seal Kit,,205.0,ShipVia,,205.0,,Hyd Gland Poly Seal Kit,ShipVia:212,NO,,YES
KHG100,Hyd Gland Poly Seal Kit,,4705.0,ShipVia,,4705.0,,Hyd Gland Poly Seal Kit,ShipVia:213,NO,,YES
KHG13,Hyd Gland Poly Seal Kit,,270.0,ShipVia,,270.0,,Hyd Gland Poly Seal Kit,ShipVia:214,NO,,YES
KHG17,Hyd Gland Poly Seal Kit,,334.0,ShipVia,,334.0,,Hyd Gland Poly Seal Kit,ShipVia:215,NO,,YES
KHG20,Hyd Gland Poly Seal Kit,,409.0,ShipVia,,409.0,,Hyd Gland Poly Seal Kit,ShipVia:216,NO,,YES
KHG25,Hyd Gland Poly Seal Kit,,462.0,ShipVia,,462.0,,Hyd Gland Poly Seal Kit,ShipVia:217,NO,,YES
KHG30,Hyd Gland Poly Seal Kit,,664.0,ShipVia,,664.0,,Hyd Gland Poly Seal Kit,ShipVia:218,NO,,YES
KHG35,Hyd Gland Poly Seal Kit,,729.0,ShipVia,,729.0,,Hyd Gland Poly Seal Kit,ShipVia:219,NO,,YES
KHG40,Hyd Gland Poly Seal Kit,,857.0,ShipVia,,857.0,,Hyd Gland Poly Seal Kit,ShipVia:220,NO,,YES
KHG45,Hyd Gland Poly Seal Kit,,1249.0,ShipVia,,1249.0,,Hyd Gland Poly Seal Kit,ShipVia:221,NO,,YES
KHG50,Hyd Gland Poly Seal Kit,,1664.0,ShipVia,,1664.0,,Hyd Gland Poly Seal Kit,ShipVia:222,NO,,YES
KHG55,Hyd Gland Poly Seal Kit,,1985.0,ShipVia,,1985.0,,Hyd Gland Poly Seal Kit,ShipVia:223,NO,,YES
KHG70,Hyd Gland Poly Seal Kit,,2859.0,ShipVia,,2859.0,,Hyd Gland Poly Seal Kit,ShipVia:224,NO,,YES
KHG80,Hyd Gland Poly Seal Kit,,3782.0,ShipVia,,3782.0,,Hyd Gland Poly Seal Kit,ShipVia:225,NO,,YES
KHGH06,Hyd Gland HNBR Seal Kit,,221.0,ShipVia,,221.0,,Hyd Gland HNBR Seal Kit,ShipVia:226,NO,,YES
KHGH10,Hyd Gland HNBR Seal Kit,,287.0,ShipVia,,287.0,,Hyd Gland HNBR Seal Kit,ShipVia:227,NO,,YES
KHGH100,Hyd Gland HNBR Seal Kit,,6587.0,ShipVia,,6587.0,,Hyd Gland HNBR Seal Kit,ShipVia:228,NO,,YES
KHGH13,Hyd Gland HNBR Seal Kit,,378.0,ShipVia,,378.0,,Hyd Gland HNBR Seal Kit,ShipVia:229,NO,,YES
KHGH17,Hyd Gland HNBR Seal Kit,,468.0,ShipVia,,468.0,,Hyd Gland HNBR Seal Kit,ShipVia:230,NO,,YES
KHGH20,Hyd Gland HNBR Seal Kit,,573.0,ShipVia,,573.0,,Hyd Gland HNBR Seal Kit,ShipVia:231,NO,,YES
KHGH25,Hyd Gland HNBR Seal Kit,,646.0,ShipVia,,646.0,,Hyd Gland HNBR Seal Kit,ShipVia:232,NO,,YES
KHGH30,Hyd Gland HNBR Seal Kit,,930.0,ShipVia,,930.0,,Hyd Gland HNBR Seal Kit,ShipVia:233,NO,,YES
KHGH35,Hyd Gland HNBR Seal Kit,,1021.0,ShipVia,,1021.0,,Hyd Gland HNBR Seal Kit,ShipVia:234,NO,,YES
KHGH40,Hyd Gland HNBR Seal Kit,,1199.0,ShipVia,,1199.0,,Hyd Gland HNBR Seal Kit,ShipVia:235,NO,,YES
KHGH45,Hyd Gland HNBR Seal Kit,,1749.0,ShipVia,,1749.0,,Hyd Gland HNBR Seal Kit,ShipVia:236,NO,,YES
KHGH50,Hyd Gland HNBR Seal Kit,,2330.0,ShipVia,,2330.0,,Hyd Gland HNBR Seal Kit,ShipVia:237,NO,,YES
KHGH55,Hyd Gland HNBR Seal Kit,,2779.0,ShipVia,,2779.0,,Hyd Gland HNBR Seal Kit,ShipVia:238,NO,,YES
KHGH70,Hyd Gland HNBR Seal Kit,,4003.0,ShipVia,,4003.0,,Hyd Gland HNBR Seal Kit,ShipVia:239,NO,,YES
KHGH80,Hyd Gland HNBR Seal Kit,,5294.0,ShipVia,,5294.0,,Hyd Gland HNBR Seal Kit,ShipVia:240,NO,,YES
KHGL06,Hyd Gland Low Friction Seal Kit,,221.0,ShipVia,,221.0,,Hyd Gland Low Friction Seal Kit,ShipVia:241,NO,,YES
KHGL10,Hyd Gland Low Friction Seal Kit,,287.0,ShipVia,,287.0,,Hyd Gland Low Friction Seal Kit,ShipVia:242,NO,,YES
KHGL100,Hyd Gland Low Friction Seal Kit KHGL100,,6587.0,ShipVia,,6587.0,,Hyd Gland Low Friction Seal Kit KHGL100 | Hyd Gland Low Friction Seal Kit,ShipVia:92 | ShipVia:243,NO,,YES
KHGL13,Hyd Gland Low Friction Seal Kit,,378.0,ShipVia,,378.0,,Hyd Gland Low Friction Seal Kit,ShipVia:244,NO,,YES
KHGL17,Hyd Gland Low Friction Seal Kit,,468.0,ShipVia,,468.0,,Hyd Gland Low Friction Seal Kit,ShipVia:245,NO,,YES
KHGL20,Hyd Gland Low Friction Seal Kit,,573.0,ShipVia,,573.0,,Hyd Gland Low Friction Seal Kit,ShipVia:246,NO,,YES
KHGL25,Hyd Gland Low Friction Seal Kit,,646.0,ShipVia,,646.0,,Hyd Gland Low Friction Seal Kit,ShipVia:247,NO,,YES
KHGL30,Hyd Gland Low Friction Seal Kit,,930.0,ShipVia,,930.0,,Hyd Gland Low Friction Seal Kit,ShipVia:248,NO,,YES
KHGL35,Hyd Gland Low Friction Seal Kit,,1021.0,ShipVia,,1021.0,,Hyd Gland Low Friction Seal Kit,ShipVia:249,NO,,YES
KHGL40,Hyd Gland Low Friction Seal Kit,,1199.0,ShipVia,,1199.0,,Hyd Gland Low Friction Seal Kit,ShipVia:250,NO,,YES
KHGL45,Hyd Gland Low Friction Seal Kit,,1749.0,ShipVia,,1749.0,,Hyd Gland Low Friction Seal Kit,ShipVia:251,NO,,YES
KHGL50,Hyd Gland Low Friction Seal Kit,,2330.0,ShipVia,,2330.0,,Hyd Gland Low Friction Seal Kit,ShipVia:252,NO,,YES
KHGL55,Hyd Gland Low Friction Seal Kit,,2779.0,ShipVia,,2779.0,,Hyd Gland Low Friction Seal Kit,ShipVia:253,NO,,YES
KHGL70,Hyd Gland Low Friction Seal Kit,,4003.0,ShipVia,,4003.0,,Hyd Gland Low Friction Seal Kit,ShipVia:254,NO,,YES
KHGL80,Hyd Gland Low Friction Seal Kit,,5294.0,ShipVia,,5294.0,,Hyd Gland Low Friction Seal Kit,ShipVia:255,NO,,YES
KHGV06,Hyd Gland Viton Seal Kit,,205.0,ShipVia,,205.0,,Hyd Gland Viton Seal Kit,ShipVia:256,NO,,YES
KHGV10,Hyd Gland Viton Seal Kit,,268.0,ShipVia,,268.0,,Hyd Gland Viton Seal Kit,ShipVia:257,NO,,YES
KHGV100,Hyd Gland Viton Seal Kit,,6118.0,ShipVia,,6118.0,,Hyd Gland Viton Seal Kit,ShipVia:258,NO,,YES
KHGV13,Hyd Gland Viton Seal Kit,,352.0,ShipVia,,352.0,,Hyd Gland Viton Seal Kit,ShipVia:259,NO,,YES
KHGV17,Hyd Gland Viton Seal Kit,,435.0,ShipVia,,435.0,,Hyd Gland Viton Seal Kit,ShipVia:260,NO,,YES
KHGV20,Hyd Gland Viton Seal Kit,,533.0,ShipVia,,533.0,,Hyd Gland Viton Seal Kit,ShipVia:261,NO,,YES
KHGV25,Hyd Gland Viton Seal Kit,,600.0,ShipVia,,600.0,,Hyd Gland Viton Seal Kit,ShipVia:262,NO,,YES
KHGV30,Hyd Gland Viton Seal Kit,,864.0,ShipVia,,864.0,,Hyd Gland Viton Seal Kit,ShipVia:263,NO,,YES
KHGV35,Hyd Gland Viton Seal Kit,,948.0,ShipVia,,948.0,,Hyd Gland Viton Seal Kit,ShipVia:264,NO,,YES
KHGV40,Hyd Gland Viton Seal Kit,,1114.0,ShipVia,,1114.0,,Hyd Gland Viton Seal Kit,ShipVia:265,NO,,YES
KHGV45,Hyd Gland Viton Seal Kit,,1624.0,ShipVia,,1624.0,,Hyd Gland Viton Seal Kit,ShipVia:266,NO,,YES
KHGV50,Hyd Gland Viton Seal Kit,,2164.0,ShipVia,,2164.0,,Hyd Gland Viton Seal Kit,ShipVia:267,NO,,YES
KHGV55,Hyd Gland Viton Seal Kit,,2582.0,ShipVia,,2582.0,,Hyd Gland Viton Seal Kit,ShipVia:268,NO,,YES
KHGV70,Hyd Gland Viton Seal Kit,,3718.0,ShipVia,,3718.0,,Hyd Gland Viton Seal Kit,ShipVia:269,NO,,YES
KHGV80,Hyd Gland Viton Seal Kit,,4917.0,ShipVia,,4917.0,,Hyd Gland Viton Seal Kit,ShipVia:270,NO,,YES
KHP100,Hyd Piston Poly Seal Kit,,892.0,ShipVia,,892.0,,Hyd Piston Poly Seal Kit,ShipVia:271,NO,,YES
KHP120,Hyd Piston Poly Seal Kit,,1162.0,ShipVia,,1162.0,,Hyd Piston Poly Seal Kit,ShipVia:272,NO,,YES
KHP140,Hyd Piston Poly Seal Kit,,1425.0,ShipVia,,1425.0,,Hyd Piston Poly Seal Kit,ShipVia:273,NO,,YES
KHP15,Hyd Piston Poly Seal Kit,,62.0,ShipVia,,62.0,,Hyd Piston Poly Seal Kit,ShipVia:274,NO,,YES
KHP160,Hyd Piston Poly Seal Kit,,1750.0,ShipVia,,1750.0,,Hyd Piston Poly Seal Kit,ShipVia:275,NO,,YES
KHP180,Hyd Piston Poly Seal Kit,,2000.0,ShipVia,,2000.0,,Hyd Piston Poly Seal Kit,ShipVia:276,NO,,YES
KHP20,Hyd Piston Poly Seal Kit,,75.0,ShipVia,,75.0,,Hyd Piston Poly Seal Kit,ShipVia:277,NO,,YES
KHP200,Hyd Piston Poly Seal Kit,,2750.0,ShipVia,,2750.0,,Hyd Piston Poly Seal Kit,ShipVia:278,NO,,YES
KHP25,Hyd Piston Poly Seal Kit,,88.0,ShipVia,,88.0,,Hyd Piston Poly Seal Kit,ShipVia:279,NO,,YES
KHP32,Hyd Piston Poly Seal Kit,,120.0,ShipVia,,120.0,,Hyd Piston Poly Seal Kit,ShipVia:280,NO,,YES
KHP40,Hyd Piston Poly Seal Kit,,144.0,ShipVia,,144.0,,Hyd Piston Poly Seal Kit,ShipVia:281,NO,,YES
KHP50,Hyd Piston Poly Seal Kit,,233.0,ShipVia,,233.0,,Hyd Piston Poly Seal Kit,ShipVia:282,NO,,YES
KHP60,Hyd Piston Poly Seal Kit,,358.0,ShipVia,,358.0,,Hyd Piston Poly Seal Kit,ShipVia:283,NO,,YES
KHP70,Hyd Piston Poly Seal Kit,,484.0,ShipVia,,484.0,,Hyd Piston Poly Seal Kit,ShipVia:284,NO,,YES
KHP80,Hyd Piston Poly Seal Kit,,554.0,ShipVia,,554.0,,Hyd Piston Poly Seal Kit,ShipVia:285,NO,,YES
KHPC100,Hyd Cast Iron Piston Seal Kit,,1070.0,ShipVia,,1070.0,,Hyd Cast Iron Piston Seal Kit,ShipVia:286,NO,,YES
KHPC120,Hyd Cast Iron Piston Seal Kit,,1394.0,ShipVia,,1394.0,,Hyd Cast Iron Piston Seal Kit,ShipVia:287,NO,,YES
KHPC140,Hyd Cast Iron Piston Seal Kit,,1710.0,ShipVia,,1710.0,,Hyd Cast Iron Piston Seal Kit,ShipVia:288,NO,,YES
KHPC15,Hyd Cast Iron Piston Seal Kit,,74.0,ShipVia,,74.0,,Hyd Cast Iron Piston Seal Kit,ShipVia:289,NO,,YES
KHPC160,Hyd Cast Iron Piston Seal Kit,,2100.0,ShipVia,,2100.0,,Hyd Cast Iron Piston Seal Kit,ShipVia:290,NO,,YES
KHPC180,Hyd Cast Iron Piston Seal Kit,,2400.0,ShipVia,,2400.0,,Hyd Cast Iron Piston Seal Kit,ShipVia:291,NO,,YES
KHPC20,Hyd Cast Iron Piston Seal Kit,,90.0,ShipVia,,90.0,,Hyd Cast Iron Piston Seal Kit,ShipVia:292,NO,,YES
KHPC200,Hyd Cast Iron Piston Seal Kit,,3300.0,ShipVia,,3300.0,,Hyd Cast Iron Piston Seal Kit,ShipVia:293,NO,,YES
KHPC25,Hyd Cast Iron Piston Seal Kit,,105.0,ShipVia,,105.0,,Hyd Cast Iron Piston Seal Kit,ShipVia:294,NO,,YES
KHPC32,Hyd Cast Iron Piston Seal Kit,,144.0,ShipVia,,144.0,,Hyd Cast Iron Piston Seal Kit,ShipVia:295,NO,,YES
KHPC40,Hyd Cast Iron Piston Seal Kit,,173.0,ShipVia,,173.0,,Hyd Cast Iron Piston Seal Kit,ShipVia:296,NO,,YES
KHPC50,Hyd Cast Iron Piston Seal Kit,,279.0,ShipVia,,279.0,,Hyd Cast Iron Piston Seal Kit,ShipVia:297,NO,,YES
KHPC60,Hyd Cast Iron Piston Seal Kit,,429.0,ShipVia,,429.0,,Hyd Cast Iron Piston Seal Kit,ShipVia:298,NO,,YES
KHPC70,Hyd Cast Iron Piston Seal Kit,,581.0,ShipVia,,581.0,,Hyd Cast Iron Piston Seal Kit,ShipVia:299,NO,,YES
KHPC80,Hyd Cast Iron Piston Seal Kit,,665.0,ShipVia,,665.0,,Hyd Cast Iron Piston Seal Kit,ShipVia:300,NO,,YES
KHPH100,Hyd Piston HNBR Seal Kit,,1177.0,ShipVia,,1177.0,,Hyd Piston HNBR Seal Kit,ShipVia:301,NO,,YES
KHPH120,Hyd Piston HNBR Seal Kit,,1533.0,ShipVia,,1533.0,,Hyd Piston HNBR Seal Kit,ShipVia:302,NO,,YES
KHPH140,Hyd Piston HNBR Seal Kit,,1881.0,ShipVia,,1881.0,,Hyd Piston HNBR Seal Kit,ShipVia:303,NO,,YES
KHPH15,Hyd Piston HNBR Seal Kit,,81.0,ShipVia,,81.0,,Hyd Piston HNBR Seal Kit,ShipVia:304,NO,,YES
KHPH160,Hyd Piston HNBR Seal Kit,,2310.0,ShipVia,,2310.0,,Hyd Piston HNBR Seal Kit,ShipVia:305,NO,,YES
KHPH180,Hyd Piston HNBR Seal Kit,,2640.0,ShipVia,,2640.0,,Hyd Piston HNBR Seal Kit,ShipVia:306,NO,,YES
KHPH20,Hyd Piston HNBR Seal Kit,,99.0,ShipVia,,99.0,,Hyd Piston HNBR Seal Kit,ShipVia:307,NO,,YES
KHPH200,Hyd Piston HNBR Seal Kit,,3630.0,ShipVia,,3630.0,,Hyd Piston HNBR Seal Kit,ShipVia:308,NO,,YES
KHPH25,Hyd Piston HNBR Seal Kit,,116.0,ShipVia,,116.0,,Hyd Piston HNBR Seal Kit,ShipVia:309,NO,,YES
KHPH32,Hyd Piston HNBR Seal Kit,,159.0,ShipVia,,159.0,,Hyd Piston HNBR Seal Kit,ShipVia:310,NO,,YES
KHPH40,Hyd Piston HNBR Seal Kit,,190.0,ShipVia,,190.0,,Hyd Piston HNBR Seal Kit,ShipVia:311,NO,,YES
KHPH50,Hyd Piston HNBR Seal Kit,,307.0,ShipVia,,307.0,,Hyd Piston HNBR Seal Kit,ShipVia:312,NO,,YES
KHPH60,Hyd Piston HNBR Seal Kit,,472.0,ShipVia,,472.0,,Hyd Piston HNBR Seal Kit,ShipVia:313,NO,,YES
KHPH70,Hyd Piston HNBR Seal Kit,,639.0,ShipVia,,639.0,,Hyd Piston HNBR Seal Kit,ShipVia:314,NO,,YES
KHPH80,Hyd Piston HNBR Seal Kit,,731.0,ShipVia,,731.0,,Hyd Piston HNBR Seal Kit,ShipVia:315,NO,,YES
KHPL100,Hyd Piston Low Friction Seal Kit,,892.0,ShipVia,,892.0,,Hyd Piston Low Friction Seal Kit,ShipVia:316,NO,,YES
KHPL120,Hyd Piston Low Friction Seal Kit,,1162.0,ShipVia,,1162.0,,Hyd Piston Low Friction Seal Kit,ShipVia:317,NO,,YES
KHPL140,Hyd Piston Low Friction Seal Kit,,1425.0,ShipVia,,1425.0,,Hyd Piston Low Friction Seal Kit,ShipVia:318,NO,,YES
KHPL15,Hyd Piston Low Friction Seal Kit,,62.0,ShipVia,,62.0,,Hyd Piston Low Friction Seal Kit,ShipVia:319,NO,,YES
KHPL160,Hyd Piston Low Friction Seal Kit KHPL160,,1750.0,ShipVia,,1750.0,,Hyd Piston Low Friction Seal Kit KHPL160 | Hyd Piston Low Friction Seal Kit,ShipVia:91 | ShipVia:320,NO,,YES
KHPL180,Hyd Piston Low Friction Seal Kit,,2000.0,ShipVia,,2000.0,,Hyd Piston Low Friction Seal Kit,ShipVia:321,NO,,YES
KHPL20,Hyd Piston Low Friction Seal Kit,,75.0,ShipVia,,75.0,,Hyd Piston Low Friction Seal Kit,ShipVia:322,NO,,YES
KHPL200,Hyd Piston Low Friction Seal Kit,,2750.0,ShipVia,,2750.0,,Hyd Piston Low Friction Seal Kit,ShipVia:323,NO,,YES
KHPL25,Hyd Piston Low Friction Seal Kit,,88.0,ShipVia,,88.0,,Hyd Piston Low Friction Seal Kit,ShipVia:324,NO,,YES
KHPL32,Hyd Piston Low Friction Seal Kit,,120.0,ShipVia,,120.0,,Hyd Piston Low Friction Seal Kit,ShipVia:325,NO,,YES
KHPL40,Hyd Piston Low Friction Seal Kit,,144.0,ShipVia,,144.0,,Hyd Piston Low Friction Seal Kit,ShipVia:326,NO,,YES
KHPL50,Hyd Piston Low Friction Seal Kit,,233.0,ShipVia,,233.0,,Hyd Piston Low Friction Seal Kit,ShipVia:327,NO,,YES
KHPL60,Hyd Piston Low Friction Seal Kit,,358.0,ShipVia,,358.0,,Hyd Piston Low Friction Seal Kit,ShipVia:328,NO,,YES
KHPL70,Hyd Piston Low Friction Seal Kit,,484.0,ShipVia,,484.0,,Hyd Piston Low Friction Seal Kit,ShipVia:329,NO,,YES
KHPL80,Hyd Piston Low Friction Seal Kit,,554.0,ShipVia,,554.0,,Hyd Piston Low Friction Seal Kit,ShipVia:330,NO,,YES
KHPV100,Hyd Piston Viton Seal Kit,,1159.0,ShipVia,,1159.0,,Hyd Piston Viton Seal Kit,ShipVia:331,NO,,YES
KHPV120,Hyd Piston Viton Seal Kit,,1510.0,ShipVia,,1510.0,,Hyd Piston Viton Seal Kit,ShipVia:332,NO,,YES
KHPV140,Hyd Piston Viton Seal Kit,,1853.0,ShipVia,,1853.0,,Hyd Piston Viton Seal Kit,ShipVia:333,NO,,YES
KHPV15,Hyd Piston Viton Seal Kit,,80.0,ShipVia,,80.0,,Hyd Piston Viton Seal Kit,ShipVia:334,NO,,YES
KHPV160,Hyd Piston Viton Seal Kit,,2275.0,ShipVia,,2275.0,,Hyd Piston Viton Seal Kit,ShipVia:335,NO,,YES
KHPV180,Hyd Piston Viton Seal Kit,,2600.0,ShipVia,,2600.0,,Hyd Piston Viton Seal Kit,ShipVia:336,NO,,YES
KHPV20,Hyd Piston Viton Seal Kit,,98.0,ShipVia,,98.0,,Hyd Piston Viton Seal Kit,ShipVia:337,NO,,YES
KHPV200,Hyd Piston Viton Seal Kit,,3575.0,ShipVia,,3575.0,,Hyd Piston Viton Seal Kit,ShipVia:338,NO,,YES
KHPV25,Hyd Piston Viton Seal Kit,,114.0,ShipVia,,114.0,,Hyd Piston Viton Seal Kit,ShipVia:339,NO,,YES
KHPV32,Hyd Piston Viton Seal Kit,,157.0,ShipVia,,157.0,,Hyd Piston Viton Seal Kit,ShipVia:340,NO,,YES
KHPV40,Hyd Piston Viton Seal Kit,,188.0,ShipVia,,188.0,,Hyd Piston Viton Seal Kit,ShipVia:341,NO,,YES
KHPV50,Hyd Piston Viton Seal Kit,,303.0,ShipVia,,303.0,,Hyd Piston Viton Seal Kit,ShipVia:342,NO,,YES
KHPV60,Hyd Piston Viton Seal Kit,,465.0,ShipVia,,465.0,,Hyd Piston Viton Seal Kit,ShipVia:343,NO,,YES
KHPV70,Hyd Piston Viton Seal Kit,,630.0,ShipVia,,630.0,,Hyd Piston Viton Seal Kit,ShipVia:344,NO,,YES
KHPV80,Hyd Piston Viton Seal Kit,,720.0,ShipVia,,720.0,,Hyd Piston Viton Seal Kit,ShipVia:345,NO,,YES
KHR06,Hyd Rod Poly Seal Kit,,47.0,ShipVia,,47.0,,Hyd Rod Poly Seal Kit,ShipVia:346,NO,,YES
KHR10,Hyd Rod Poly Seal Kit,,50.0,ShipVia,,50.0,,Hyd Rod Poly Seal Kit,ShipVia:347,NO,,YES
KHR100,Hyd Rod Poly Seal Kit,,1788.0,ShipVia,,1788.0,,Hyd Rod Poly Seal Kit,ShipVia:348,NO,,YES
KHR13,Hyd Rod Poly Seal Kit,,69.0,ShipVia,,69.0,,Hyd Rod Poly Seal Kit,ShipVia:349,NO,,YES
KHR17,Hyd Rod Poly Seal Kit,,69.0,ShipVia,,69.0,,Hyd Rod Poly Seal Kit,ShipVia:350,NO,,YES
KHR20,Hyd Rod Poly Seal Kit,,80.0,ShipVia,,80.0,,Hyd Rod Poly Seal Kit,ShipVia:351,NO,,YES
KHR25,Hyd Rod Poly Seal Kit,,92.0,ShipVia,,92.0,,Hyd Rod Poly Seal Kit,ShipVia:352,NO,,YES
KHR30,Hyd Rod Poly Seal Kit,,129.0,ShipVia,,129.0,,Hyd Rod Poly Seal Kit,ShipVia:353,NO,,YES
KHR35,Hyd Rod Poly Seal Kit,,148.0,ShipVia,,148.0,,Hyd Rod Poly Seal Kit,ShipVia:354,NO,,YES
KHR40,Hyd Rod Poly Seal Kit,,185.0,ShipVia,,185.0,,Hyd Rod Poly Seal Kit,ShipVia:355,NO,,YES
KHR45,Hyd Rod Poly Seal Kit,,220.0,ShipVia,,220.0,,Hyd Rod Poly Seal Kit,ShipVia:356,NO,,YES
KHR50,Hyd Rod Poly Seal Kit,,275.0,ShipVia,,275.0,,Hyd Rod Poly Seal Kit,ShipVia:357,NO,,YES
KHR55,Hyd Rod Poly Seal Kit,,413.0,ShipVia,,413.0,,Hyd Rod Poly Seal Kit,ShipVia:358,NO,,YES
KHR70,Hyd Rod Poly Seal Kit,,825.0,ShipVia,,825.0,,Hyd Rod Poly Seal Kit,ShipVia:359,NO,,YES
KHR80,Hyd Rod Poly Seal Kit,,1238.0,ShipVia,,1238.0,,Hyd Rod Poly Seal Kit,ShipVia:360,NO,,YES
KHRH06,Hyd Rod HNBR Seal Kit,,65.0,ShipVia,,65.0,,Hyd Rod HNBR Seal Kit,ShipVia:361,NO,,YES
KHRH10,Hyd Rod HNBR Seal Kit,,70.0,ShipVia,,70.0,,Hyd Rod HNBR Seal Kit,ShipVia:362,NO,,YES
KHRH100,Hyd Rod HNBR Seal Kit,,2503.0,ShipVia,,2503.0,,Hyd Rod HNBR Seal Kit,ShipVia:363,NO,,YES
KHRH13,Hyd Rod HNBR Seal Kit,,97.0,ShipVia,,97.0,,Hyd Rod HNBR Seal Kit,ShipVia:364,NO,,YES
KHRH17,Hyd Rod HNBR Seal Kit,,97.0,ShipVia,,97.0,,Hyd Rod HNBR Seal Kit,ShipVia:365,NO,,YES
KHRH20,Hyd Rod HNBR Seal Kit,,112.0,ShipVia,,112.0,,Hyd Rod HNBR Seal Kit,ShipVia:366,NO,,YES
KHRH25,Hyd Rod HNBR Seal Kit,,128.0,ShipVia,,128.0,,Hyd Rod HNBR Seal Kit,ShipVia:367,NO,,YES
KHRH30,Hyd Rod HNBR Seal Kit,,181.0,ShipVia,,181.0,,Hyd Rod HNBR Seal Kit,ShipVia:368,NO,,YES
KHRH35,Hyd Rod HNBR Seal Kit,,207.0,ShipVia,,207.0,,Hyd Rod HNBR Seal Kit,ShipVia:369,NO,,YES
KHRH40,Hyd Rod HNBR Seal Kit,,259.0,ShipVia,,259.0,,Hyd Rod HNBR Seal Kit,ShipVia:370,NO,,YES
KHRH45,Hyd Rod HNBR Seal Kit,,308.0,ShipVia,,308.0,,Hyd Rod HNBR Seal Kit,ShipVia:371,NO,,YES
KHRH50,Hyd Rod HNBR Seal Kit,,385.0,ShipVia,,385.0,,Hyd Rod HNBR Seal Kit,ShipVia:372,NO,,YES
KHRH55,Hyd Rod HNBR Seal Kit,,578.0,ShipVia,,578.0,,Hyd Rod HNBR Seal Kit,ShipVia:373,NO,,YES
KHRH70,Hyd Rod HNBR Seal Kit,,1155.0,ShipVia,,1155.0,,Hyd Rod HNBR Seal Kit,ShipVia:374,NO,,YES
KHRH80,Hyd Rod HNBR Seal Kit,,1733.0,ShipVia,,1733.0,,Hyd Rod HNBR Seal Kit,ShipVia:375,NO,,YES
KHRL06,Hyd Rod Low Friction Seal Kit,,51.0,ShipVia,,51.0,,Hyd Rod Low Friction Seal Kit,ShipVia:376,NO,,YES
KHRL10,Hyd Rod Low Friction Seal Kit,,55.0,ShipVia,,55.0,,Hyd Rod Low Friction Seal Kit,ShipVia:377,NO,,YES
KHRL100,Hyd Rod Low Friction Seal Kit KHRL100,,1967.0,ShipVia,,1967.0,,Hyd Rod Low Friction Seal Kit KHRL100 | Hyd Rod Low Friction Seal Kit,ShipVia:90 | ShipVia:378,NO,,YES
KHRL13,Hyd Rod Low Friction Seal Kit,,76.0,ShipVia,,76.0,,Hyd Rod Low Friction Seal Kit,ShipVia:379,NO,,YES
KHRL17,Hyd Rod Low Friction Seal Kit,,76.0,ShipVia,,76.0,,Hyd Rod Low Friction Seal Kit,ShipVia:380,NO,,YES
KHRL20,Hyd Rod Low Friction Seal Kit,,88.0,ShipVia,,88.0,,Hyd Rod Low Friction Seal Kit,ShipVia:381,NO,,YES
KHRL25,Hyd Rod Low Friction Seal Kit,,101.0,ShipVia,,101.0,,Hyd Rod Low Friction Seal Kit,ShipVia:382,NO,,YES
KHRL30,Hyd Rod Low Friction Seal Kit,,142.0,ShipVia,,142.0,,Hyd Rod Low Friction Seal Kit,ShipVia:383,NO,,YES
KHRL35,Hyd Rod Low Friction Seal Kit,,163.0,ShipVia,,163.0,,Hyd Rod Low Friction Seal Kit,ShipVia:384,NO,,YES
KHRL40,Hyd Rod Low Friction Seal Kit,,204.0,ShipVia,,204.0,,Hyd Rod Low Friction Seal Kit,ShipVia:385,NO,,YES
KHRL45,Hyd Rod Low Friction Seal Kit,,242.0,ShipVia,,242.0,,Hyd Rod Low Friction Seal Kit,ShipVia:386,NO,,YES
KHRL50,Hyd Rod Low Friction Seal Kit,,303.0,ShipVia,,303.0,,Hyd Rod Low Friction Seal Kit,ShipVia:387,NO,,YES
KHRL55,Hyd Rod Low Friction Seal Kit,,454.0,ShipVia,,454.0,,Hyd Rod Low Friction Seal Kit,ShipVia:388,NO,,YES
KHRL70,Hyd Rod Low Friction Seal Kit,,908.0,ShipVia,,908.0,,Hyd Rod Low Friction Seal Kit,ShipVia:389,NO,,YES
KHRL80,Hyd Rod Low Friction Seal Kit,,1362.0,ShipVia,,1362.0,,Hyd Rod Low Friction Seal Kit,ShipVia:390,NO,,YES
KHRV06,Hyd Rod Viton Seal Kit,,62.0,ShipVia,,62.0,,Hyd Rod Viton Seal Kit,ShipVia:391,NO,,YES
KHRV10,Hyd Rod Viton Seal Kit,,65.0,ShipVia,,65.0,,Hyd Rod Viton Seal Kit,ShipVia:392,NO,,YES
KHRV100,Hyd Rod Viton Seal Kit,,2324.0,ShipVia,,2324.0,,Hyd Rod Viton Seal Kit,ShipVia:393,NO,,YES
KHRV13,Hyd Rod Viton Seal Kit,,90.0,ShipVia,,90.0,,Hyd Rod Viton Seal Kit,ShipVia:394,NO,,YES
KHRV17,Hyd Rod Viton Seal Kit,,90.0,ShipVia,,90.0,,Hyd Rod Viton Seal Kit,ShipVia:395,NO,,YES
KHRV20,Hyd Rod Viton Seal Kit,,105.0,ShipVia,,105.0,,Hyd Rod Viton Seal Kit,ShipVia:396,NO,,YES
KHRV25,Hyd Rod Viton Seal Kit,,119.0,ShipVia,,119.0,,Hyd Rod Viton Seal Kit,ShipVia:397,NO,,YES
KHRV30,Hyd Rod Viton Seal Kit,,168.0,ShipVia,,168.0,,Hyd Rod Viton Seal Kit,ShipVia:398,NO,,YES
KHRV35,Hyd Rod Viton Seal Kit,,193.0,ShipVia,,193.0,,Hyd Rod Viton Seal Kit,ShipVia:399,NO,,YES
KHRV40,Hyd Rod Viton Seal Kit,,242.0,ShipVia,,242.0,,Hyd Rod Viton Seal Kit,ShipVia:400,NO,,YES
KHRV45,Hyd Rod Viton Seal Kit,,287.0,ShipVia,,287.0,,Hyd Rod Viton Seal Kit,ShipVia:401,NO,,YES
KHRV50,Hyd Rod Viton Seal Kit,,358.0,ShipVia,,358.0,,Hyd Rod Viton Seal Kit,ShipVia:402,NO,,YES
KHRV55,Hyd Rod Viton Seal Kit,,537.0,ShipVia,,537.0,,Hyd Rod Viton Seal Kit,ShipVia:403,NO,,YES
KHRV70,Hyd Rod Viton Seal Kit,,1073.0,ShipVia,,1073.0,,Hyd Rod Viton Seal Kit,ShipVia:404,NO,,YES
KHRV80,Hyd Rod Viton Seal Kit,,1609.0,ShipVia,,1609.0,,Hyd Rod Viton Seal Kit,ShipVia:405,NO,,YES
ME044,Male Rod Eye 7/16-20,,305.0,ShipVia,,305.0,,Male Rod Eye 7/16-20,ShipVia:406,NO,,YES
ME050,Male Rod Eye 1/2-20,,318.0,ShipVia,,318.0,,Male Rod Eye 1/2-20,ShipVia:407,NO,,YES
ME075,Male Rod Eye 3/4-16,,324.0,ShipVia,,324.0,,Male Rod Eye 3/4-16,ShipVia:408,NO,,YES
ME087,Male Rod Eye 7/8-14,,329.0,ShipVia,,329.0,,Male Rod Eye 7/8-14,ShipVia:409,NO,,YES
ME100,Male Rod Eye 1-14,,335.0,ShipVia,,335.0,,Male Rod Eye 1-14,ShipVia:410,NO,,YES
ME125,Male Rod Eye 1 1/4-12,,380.0,ShipVia,,380.0,,Male Rod Eye 1 1/4-12,ShipVia:411,NO,,YES
ME150,Male Rod Eye 1 1/2-12,,386.0,ShipVia,,386.0,,Male Rod Eye 1 1/2-12,ShipVia:412,NO,,YES
ME175,Male Rod Eye 1 3/4-12,,431.0,ShipVia,,431.0,,Male Rod Eye 1 3/4-12,ShipVia:413,NO,,YES
ME187,Male Rod Eye 1 7/8-12,,445.0,ShipVia,,445.0,,Male Rod Eye 1 7/8-12,ShipVia:414,NO,,YES
ME225,Male Rod Eye 2 1/4-12,,1024.0,ShipVia,,1024.0,,Male Rod Eye 2 1/4-12,ShipVia:415,NO,,YES
ME250,Male Rod Eye 2 1/2-12,,1247.0,ShipVia,,1247.0,,Male Rod Eye 2 1/2-12,ShipVia:416,NO,,YES
PIB062,Nitrile Piston ID Oring Seal,1.1,,,1.1,,,Nitrile Piston ID Oring Seal,Inventory:191,NO,,YES
PIB100,Nitrile Piston ID Oring Seal,1.1,,,1.1,,,Nitrile Piston ID Oring Seal,Inventory:192,NO,,YES
PIB138,Nitrile Piston ID Oring Seal,1.1,,,1.1,,,Nitrile Piston ID Oring Seal,Inventory:193,NO,,YES
PIB175,Nitrile Piston ID Oring Seal,1.1,,,1.1,,,Nitrile Piston ID Oring Seal,Inventory:194,NO,,YES
PIB200,Nitrile Piston ID Oring Seal,1.1,,,1.1,,,Nitrile Piston ID Oring Seal,Inventory:195,NO,,YES
PIB250,Nitrile Piston ID Oring Seal,1.1,,,1.1,,,Nitrile Piston ID Oring Seal,Inventory:196,NO,,YES
PIB300,Nitrile Piston ID Oring Seal,1.1,,,1.1,,,Nitrile Piston ID Oring Seal,Inventory:197,NO,,YES
PIB350,Nitrile Piston ID Oring Seal,1.1,,,1.1,,,Nitrile Piston ID Oring Seal,Inventory:198,NO,,YES
PIB400,Nitrile Piston ID Oring Seal,1.1,,,1.1,,,Nitrile Piston ID Oring Seal,Inventory:199,NO,,YES
PIB450,Nitrile Piston ID Oring Seal,1.1,,,1.1,,,Nitrile Piston ID Oring Seal,Inventory:200,NO,,YES
PIB500,Nitrile Piston ID Oring Seal,1.1,,,1.1,,,Nitrile Piston ID Oring Seal,Inventory:201,NO,,YES
PIB550,Nitrile Piston ID Oring Seal,1.1,,,1.1,,,Nitrile Piston ID Oring Seal,Inventory:202,NO,,YES
PP050,Pivot Pin,3.3,13.0,ShipVia,3.3,13.0,,Pivot Pin,Inventory:183 | ShipVia:417,NO,,YES
PP050SA,SA - Pivot Pin,,16.0,ShipVia,,16.0,,SA - Pivot Pin,ShipVia:418,NO,,YES
PP075,Pivot Pin,5.5,16.0,ShipVia,5.5,16.0,,Pivot Pin,Inventory:184 | ShipVia:419,NO,,YES
PP075SA,SA - Pivot Pin,,25.0,ShipVia,,25.0,,SA - Pivot Pin,ShipVia:420,NO,,YES
PP100,Pivot Pin,6.6,23.0,ShipVia,6.6,23.0,,Pivot Pin,Inventory:185 | ShipVia:421,NO,,YES
PP100SA,SA - Pivot Pin,,41.0,ShipVia,,41.0,,SA - Pivot Pin,ShipVia:422,NO,,YES
PP138,Pivot Pin,11.0,32.0,ShipVia,11.0,32.0,,Pivot Pin,Inventory:186 | ShipVia:423,NO,,YES
PP138SA,SA - Pivot Pin,,56.0,ShipVia,,56.0,,SA - Pivot Pin,ShipVia:424,NO,,YES
PP175,Pivot Pin,15.4,43.0,ShipVia,15.4,43.0,,Pivot Pin,Inventory:187 | ShipVia:425,NO,,YES
PP175SA,SA - Pivot Pin,,68.0,ShipVia,,68.0,,SA - Pivot Pin,ShipVia:426,NO,,YES
PP200,Pivot Pin,19.8,59.0,ShipVia,19.8,59.0,,Pivot Pin,Inventory:188 | ShipVia:427,NO,,YES
PP200SA,SA - Pivot Pin,,77.0,ShipVia,,77.0,,SA - Pivot Pin,ShipVia:428,NO,,YES
PP250,Pivot Pin,44.0,104.0,ShipVia,44.0,104.0,,Pivot Pin,Inventory:189 | ShipVia:429,NO,,YES
PP300,Pivot Pin,59.4,154.0,ShipVia,59.4,154.0,,Pivot Pin,Inventory:190 | ShipVia:430,NO,,YES
PP350,Pivot Pin,,212.0,ShipVia,,212.0,,Pivot Pin,ShipVia:431,NO,,YES
PP400,Pivot Pin,,292.0,ShipVia,,292.0,,Pivot Pin,ShipVia:432,NO,,YES
PRICE,Weld Plate,,,,,,,Weld Plate,Acc:52,NO,,YES
R062,Rod,0.35000000000000003,,,0.35000000000000003,,,Rod,Inventory:147,NO,,YES
R100,Rod,0.59,,,0.59,,,Rod,Inventory:148,NO,,YES
R138,Rod,0.9400000000000001,,,0.9400000000000001,,,Rod,Inventory:149,NO,,YES
R175,Rod,1.55,,,1.55,,,Rod,Inventory:150,NO,,YES
R200,Rod,1.93,,,1.93,,,Rod,Inventory:151,NO,,YES
R250,Rod,2.9099999999999997,,,2.9099999999999997,,,Rod,Inventory:152,NO,,YES
R300,Rod,4.21,,,4.21,,,Rod,Inventory:153,NO,,YES
R350,Rod,5.85,,,5.85,,,Rod,Inventory:154,NO,,YES
R400,Rod,7.71,,,7.71,,,Rod,Inventory:155,NO,,YES
R450,Rod,11.24,,,11.24,,,Rod,Inventory:156,NO,,YES
R500,Rod,14.02,,,14.02,,,Rod,Inventory:157,NO,,YES
R550,Rod,17.430000000000003,,,17.430000000000003,,,Rod,Inventory:158,NO,,YES
RC044,Rod Clevis 7/16-20,8.8,51.0,ShipVia,8.8,51.0,,Rod Clevis 7/16-20,Inventory:133 | ShipVia:433,NO,,YES
RC050,Rod Clevis 1/2-20,18.7,51.0,ShipVia,18.7,51.0,,Rod Clevis 1/2-20,Inventory:142 | ShipVia:434,NO,,YES
RC075,Rod Clevis 3/4-16,18.7,76.0,ShipVia,18.7,76.0,,Rod Clevis 3/4-16,Inventory:135 | ShipVia:435,NO,,YES
RC087,Rod Clevis 7/8-14,20.9,104.0,ShipVia,20.9,104.0,,Rod Clevis 7/8-14,Inventory:132 | ShipVia:436,NO,,YES
RC100,Rod Clevis 1-14,25.3,104.0,ShipVia,25.3,104.0,,Rod Clevis 1-14,Inventory:141 | ShipVia:437,NO,,YES
RC125,Rod Clevis 1 1/4-12,70.4,167.0,ShipVia,70.4,167.0,,Rod Clevis 1 1/4-12,Inventory:145 | ShipVia:438,NO,,YES
RC150,Rod Clevis 1 1/2-12,63.8,210.0,ShipVia,63.8,210.0,,Rod Clevis 1 1/2-12,Inventory:146 | ShipVia:439,NO,,YES
RC175,Rod Clevis 1 3/4-12,124.3,344.0,ShipVia,124.3,344.0,,Rod Clevis 1 3/4-12,Inventory:144 | ShipVia:440,NO,,YES
RC187,Rod Clevis 1 7/8-12,108.9,344.0,ShipVia,108.9,344.0,,Rod Clevis 1 7/8-12,Inventory:143 | ShipVia:441,NO,,YES
RC225,Rod Clevis 2 1/4-12,170.5,588.0,ShipVia,170.5,588.0,,Rod Clevis 2 1/4-12,Inventory:139 | ShipVia:442,NO,,YES
RC250,Rod Clevis 2 1/2-12,294.8,853.0,ShipVia,294.8,853.0,,Rod Clevis 2 1/2-12,Inventory:140 | ShipVia:443,NO,,YES
RC275,Rod Clevis 2 3/4-12,387.2,1285.0,ShipVia,387.2,1285.0,,Rod Clevis 2 3/4-12,Inventory:138 | ShipVia:444,NO,,YES
RC325,Rod Clevis 3 1/4-12,465.3,1471.0,ShipVia,465.3,1471.0,,Rod Clevis 3 1/4-12,Inventory:136 | ShipVia:445,NO,,YES
RC350,Rod Clevis 3 1/2-12,542.3,1683.0,ShipVia,542.3,1683.0,,Rod Clevis 3 1/2-12,Inventory:137 | ShipVia:446,NO,,YES
RC400,Rod Clevis 4-12,687.5,1900.0,ShipVia,687.5,1900.0,,Rod Clevis 4-12,Inventory:134 | ShipVia:447,NO,,YES
ROD BOOT,Safety Coupler,,,,,,,Safety Coupler,Acc:51 | Acc:52,NO,,YES
RS044,Rod Stud 7/16-20,14.3,16.0,ShipVia,14.3,16.0,20.0,Rod Stud 7/16-20 | Rod Stud,Inventory:123 | ShipVia:448 | Acc:36,YES,ShipVia and Acc sell prices differ,YES
RS050,Rod Stud 1/2-20,16.5,30.0,ShipVia,16.5,30.0,35.0,Rod Stud 1/2-20 | Rod Stud,Inventory:127 | ShipVia:449 | Acc:37,YES,ShipVia and Acc sell prices differ,YES
RS075,Rod Stud 3/4-16,17.6,31.0,ShipVia,17.6,31.0,40.0,Rod Stud 3/4-16 | Rod Stud,Inventory:124 | ShipVia:450 | Acc:38,YES,ShipVia and Acc sell prices differ,YES
RS087,Rod Stud 7/8-14,18.7,51.0,ShipVia,18.7,51.0,55.0,Rod Stud 7/8-14 | Rod Stud,Inventory:122 | ShipVia:451 | Acc:39,YES,ShipVia and Acc sell prices differ,YES
RS100,Rod Stud 1-14,20.9,74.0,ShipVia,20.9,74.0,80.0,Rod Stud 1-14 | Rod Stud,Inventory:126 | ShipVia:452 | Acc:40,YES,ShipVia and Acc sell prices differ,YES
RS125,Rod Stud 1 1/4-12,22.0,75.0,ShipVia,22.0,75.0,100.0,Rod Stud 1 1/4-12 | Rod Stud,Inventory:130 | ShipVia:453 | Acc:41,YES,ShipVia and Acc sell prices differ,YES
RS150,Rod Stud 1 1/2-12,24.2,119.0,ShipVia,24.2,119.0,125.0,Rod Stud 1 1/2-12 | Rod Stud,Inventory:131 | ShipVia:454 | Acc:42,YES,ShipVia and Acc sell prices differ,YES
RS175,Rod Stud 1 3/4-12,31.9,134.0,ShipVia,31.9,134.0,150.0,Rod Stud 1 3/4-12 | Rod Stud,Inventory:129 | ShipVia:455 | Acc:43,YES,ShipVia and Acc sell prices differ,YES
RS187,Rod Stud 1 7/8-12,39.6,145.0,ShipVia,39.6,145.0,170.0,Rod Stud 1 7/8-12 | Rod Stud,Inventory:128 | ShipVia:456 | Acc:44,YES,ShipVia and Acc sell prices differ,YES
RS250,Rod Stud 2 1/2-12,47.3,344.0,ShipVia,47.3,344.0,370.0,Rod Stud 2 1/2-12 | Rod Stud,Inventory:125 | ShipVia:457 | Acc:45,YES,ShipVia and Acc sell prices differ,YES
RS300,Rod Stud 3-12,,458.0,ShipVia,,458.0,500.0,Rod Stud 3-12 | Rod Stud,ShipVia:458 | Acc:46,YES,ShipVia and Acc sell prices differ,YES
RS325,Rod Stud 3 1/4,,573.0,ShipVia,,573.0,600.0,Rod Stud 3 1/4 | Rod Stud,ShipVia:459 | Acc:47,YES,ShipVia and Acc sell prices differ,YES
RSS062,Stainless Steel Rod,0.83,,,0.83,,,Stainless Steel Rod,Inventory:79,NO,,YES
RSS100,Stainless Steel Rod,1.71,,,1.71,,,Stainless Steel Rod,Inventory:80,NO,,YES
RSS138,Stainless Steel Rod,3.07,,,3.07,,,Stainless Steel Rod,Inventory:81,NO,,YES
RSS175,Stainless Steel Rod,4.52,,,4.52,,,Stainless Steel Rod,Inventory:82,NO,,YES
RSS200,Stainless Steel Rod,6.26,,,6.26,,,Stainless Steel Rod,Inventory:83,NO,,YES
RSS250,Stainless Steel Rod,9.24,,,9.24,,,Stainless Steel Rod,Inventory:84,NO,,YES
RSS300,Stainless Steel Rod,12.83,,,12.83,,,Stainless Steel Rod,Inventory:85,NO,,YES
RSS350,Stainless Steel Rod,17.46,,,17.46,,,Stainless Steel Rod,Inventory:86,NO,,YES
RSS400,Stainless Steel Rod,28.700000000000003,,,28.700000000000003,,,Stainless Steel Rod,Inventory:87,NO,,YES
RSS450,Stainless Steel Rod,44.0,,,44.0,,,Stainless Steel Rod,Inventory:88,NO,,YES
RSS500,Stainless Steel Rod,88.0,,,88.0,,,Stainless Steel Rod,Inventory:89,NO,,YES
RSS550,Stainless Steel Rod,110.0,,,110.0,,,Stainless Steel Rod,Inventory:90,NO,,YES
SAE044,SA Male Eye 7/16-20,42.9,109.0,ShipVia,42.9,109.0,,SA Male Eye 7/16-20 | Self-Aligning Male Eye 7/16-20,Inventory:110 | ShipVia:460,NO,,YES
SAE075,SA Male Eye 3/4-16,47.3,166.0,ShipVia,47.3,166.0,,SA Male Eye 3/4-16 | Self-Aligning Male Eye 3/4-16,Inventory:111 | ShipVia:461,NO,,YES
SAE100,SA Male Eye 1-14,57.2,202.0,ShipVia,57.2,202.0,,SA Male Eye 1-14 | Self-Aligning Male Eye 1-14,Inventory:112 | ShipVia:462,NO,,YES
SAE125,SA Male Eye 1 1/4-12,90.2,242.0,ShipVia,90.2,242.0,,SA Male Eye 1 1/4-12 | Self-Aligning Male Eye 1 1/4-12,Inventory:114 | ShipVia:463,NO,,YES
SAE150,SA Male Eye 1 1/2-12,159.5,484.0,ShipVia,159.5,484.0,,SA Male Eye 1 1/2-12 | Self-Aligning Male Eye 1 1/2-12,Inventory:115 | ShipVia:464,NO,,YES
SAE187,SA Male Eye 1 7/8-12,284.9,748.0,ShipVia,284.9,748.0,,SA Male Eye 1 7/8-12 | Self-Aligning Male Eye 1 7/8-12,Inventory:113 | ShipVia:465,NO,,YES
SC062,Safety Coupler,45.1,175.0,ShipVia,45.1,175.0,175.0,Safety Coupler,Inventory:100 | ShipVia:466 | Acc:36,NO,,YES
SC100,Safety Coupler,59.4,185.0,ShipVia,59.4,185.0,185.0,Safety Coupler,Inventory:101 | ShipVia:467 | Acc:37,NO,,YES
SC138,Safety Coupler,70.4,195.0,ShipVia,70.4,195.0,195.0,Safety Coupler,Inventory:102 | ShipVia:468 | Acc:38,NO,,YES
SC175,Safety Coupler,95.7,275.0,ShipVia,95.7,275.0,275.0,Safety Coupler,Inventory:103 | ShipVia:469 | Acc:39,NO,,YES
SC200,Safety Coupler,132.0,300.0,ShipVia,132.0,300.0,300.0,Safety Coupler,Inventory:104 | ShipVia:470 | Acc:40,NO,,YES
SC250,Safety Coupler,193.6,325.0,ShipVia,193.6,325.0,325.0,Safety Coupler,Inventory:105 | ShipVia:471 | Acc:41,NO,,YES
SC300,Safety Coupler,256.3,450.0,ShipVia,256.3,450.0,450.0,Safety Coupler,Inventory:106 | ShipVia:472 | Acc:42,NO,,YES
SC350,Safety Coupler,322.3,550.0,ShipVia,322.3,550.0,550.0,Safety Coupler,Inventory:107 | ShipVia:473 | Acc:43,NO,,YES
SC400,Safety Coupler,397.1,600.0,ShipVia,397.1,600.0,600.0,Safety Coupler,Inventory:108 | ShipVia:474 | Acc:44,NO,,YES
SC450,Safety Coupler,434.5,750.0,ShipVia,434.5,750.0,750.0,Safety Coupler,Inventory:109 | ShipVia:475 | Acc:45,NO,,YES
SC500,Safety Coupler,,850.0,ShipVia,,850.0,850.0,Safety Coupler,ShipVia:476 | Acc:46,NO,,YES
SC550,Safety Coupler,,995.0,ShipVia,,995.0,995.0,Safety Coupler,ShipVia:477 | Acc:47,NO,,YES
SCB044,SA - Clevis Bracket 7/16-20,,115.0,ShipVia,,115.0,,SA - Clevis Bracket 7/16-20,ShipVia:478,NO,,YES
SCB050,SA Clevis Bracket,57.2,156.0,ShipVia,57.2,156.0,,SA Clevis Bracket | SA - Clevis Bracket 1/2,Inventory:116 | ShipVia:479,NO,,YES
SCB075,SA Clevis Bracket,91.3,166.0,ShipVia,91.3,166.0,,SA Clevis Bracket | SA - Clevis Bracket 3/4-16,Inventory:117 | ShipVia:480,NO,,YES
SCB100,SA Clevis Bracket,114.4,207.0,ShipVia,114.4,207.0,,SA Clevis Bracket | SA - Clevis Bracket 1-14,Inventory:118 | ShipVia:481,NO,,YES
SCB125,SA - Clevis Bracket 1 1/4-12,,263.0,ShipVia,,263.0,,SA - Clevis Bracket 1 1/4-12,ShipVia:482,NO,,YES
SCB138,SA Clevis Bracket,171.6,,,171.6,,,SA Clevis Bracket,Inventory:119,NO,,YES
SCB150,SA - Clevis Bracket 1 1/2-12,,465.0,ShipVia,,465.0,,SA - Clevis Bracket 1 1/2-12,ShipVia:483,NO,,YES
SCB175,SA Clevis Bracket,311.3,,,311.3,,,SA Clevis Bracket,Inventory:120,NO,,YES
SCB187,SA Clevis Bracket,488.4,509.0,ShipVia,488.4,509.0,,SA Clevis Bracket | SA - Clevis Bracket 1 7/8-12,Inventory:121 | ShipVia:484,NO,,YES
STOP TUBE,Stop Tube,88.0,,,88.0,,,Stop Tube,Inventory:69,NO,,YES
TR025,Tie Rod,0.02,,,0.02,,,Tie Rod,Inventory:48,NO,,YES
TR031,Tie Rod,0.04,,,0.04,,,Tie Rod,Inventory:49,NO,,YES
TR038,Tie Rod,0.05,,,0.05,,,Tie Rod,Inventory:50,NO,,YES
TR050,Tie Rod,0.08,,,0.08,,,Tie Rod,Inventory:51,NO,,YES
TR062,Tie Rod,0.14,,,0.14,,,Tie Rod,Inventory:52,NO,,YES
TR087,Tie Rod,0.26,,,0.26,,,Tie Rod,Inventory:53,NO,,YES
TR100,Tie Rod,0.36,,,0.36,,,Tie Rod,Inventory:54,NO,,YES
TR112,Tie Rod,0.44,,,0.44,,,Tie Rod,Inventory:55,NO,,YES
TR125,Tie Rod,0.6,,,0.6,,,Tie Rod,Inventory:56,NO,,YES
TRN025,Tie Rod Nuts,0.28,,,0.28,,,Tie Rod Nuts,Inventory:39,NO,,YES
TRN031,Tie Rod Nuts,0.33,,,0.33,,,Tie Rod Nuts,Inventory:40,NO,,YES
TRN038,Tie Rod Nuts,0.11,,,0.11,,,Tie Rod Nuts,Inventory:41,NO,,YES
TRN050,Tie Rod Nuts,0.24000000000000002,,,0.24000000000000002,,,Tie Rod Nuts,Inventory:42,NO,,YES
TRN062,Tie Rod Nuts,0.5,,,0.5,,,Tie Rod Nuts,Inventory:43,NO,,YES
TRN087,Tie Rod Nuts,1.43,,,1.43,,,Tie Rod Nuts,Inventory:44,NO,,YES
TRN100,Tie Rod Nuts,1.98,,,1.98,,,Tie Rod Nuts,Inventory:45,NO,,YES
TRN112,Tie Rod Nuts,3.3,,,3.3,,,Tie Rod Nuts,Inventory:46,NO,,YES
TRN125,Tie Rod Nuts,4.13,,,4.13,,,Tie Rod Nuts,Inventory:47,NO,,YES
TRNSS025,Stainless Steel Nuts,2.2,,,2.2,,,Stainless Steel Nuts,Inventory:91,NO,,YES
TRNSS031,Stainless Steel Nuts,3.3,,,3.3,,,Stainless Steel Nuts,Inventory:92,NO,,YES
TRNSS038,Stainless Steel Nuts,3.3,,,3.3,,,Stainless Steel Nuts,Inventory:93,NO,,YES
TRNSS050,Stainless Steel Nuts,6.6,,,6.6,,,Stainless Steel Nuts,Inventory:94,NO,,YES
TRNSS062,Stainless Steel Nuts,9.9,,,9.9,,,Stainless Steel Nuts,Inventory:95,NO,,YES
TRNSS087,Stainless Steel Nuts,14.3,,,14.3,,,Stainless Steel Nuts,Inventory:96,NO,,YES
TRNSS100,Stainless Steel Nuts,15.4,,,15.4,,,Stainless Steel Nuts,Inventory:97,NO,,YES
TRNSS112,Stainless Steel Nuts,25.3,,,25.3,,,Stainless Steel Nuts,Inventory:98,NO,,YES
TRNSS125,Stainless Steel Nuts,37.4,,,37.4,,,Stainless Steel Nuts,Inventory:99,NO,,YES
TRS,Tie Rod Support,92.4,,,92.4,,,Tie Rod Support,Inventory:38,NO,,YES
TRSS025,Stainless Steel Tie Rod,0.55,,,0.55,,,Stainless Steel Tie Rod,Inventory:70,NO,,YES
TRSS031,Stainless Steel Tie Rod,0.55,,,0.55,,,Stainless Steel Tie Rod,Inventory:71,NO,,YES
TRSS038,Stainless Steel Tie Rod,0.66,,,0.66,,,Stainless Steel Tie Rod,Inventory:72,NO,,YES
TRSS050,Stainless Steel Tie Rod,0.77,,,0.77,,,Stainless Steel Tie Rod,Inventory:73,NO,,YES
TRSS062,Stainless Steel Tie Rod,0.83,,,0.83,,,Stainless Steel Tie Rod,Inventory:74,NO,,YES
TRSS087,Stainless Steel Tie Rod,1.65,,,1.65,,,Stainless Steel Tie Rod,Inventory:75,NO,,YES
TRSS100,Stainless Steel Tie Rod,1.71,,,1.71,,,Stainless Steel Tie Rod,Inventory:76,NO,,YES
TRSS112,Stainless Steel Tie Rod,2.2,,,2.2,,,Stainless Steel Tie Rod,Inventory:77,NO,,YES
TRSS125,Stainless Steel Tie Rod,2.86,,,2.86,,,Stainless Steel Tie Rod,Inventory:78,NO,,YES
WP062,Weld Plate,,194.0,ShipVia,,194.0,194.0,Weld Plate,ShipVia:40 | Acc:36,NO,,YES
WP100,Weld Plate,,208.0,ShipVia,,208.0,208.0,Weld Plate,ShipVia:41 | Acc:37,NO,,YES
WP138,Weld Plate,,241.0,ShipVia,,241.0,241.0,Weld Plate,ShipVia:42 | Acc:38,NO,,YES
WP175,Weld Plate,,340.0,ShipVia,,340.0,340.0,Weld Plate,ShipVia:43 | Acc:39,NO,,YES
WP200,Weld Plate,,534.0,ShipVia,,534.0,534.0,Weld Plate,ShipVia:44 | Acc:40,NO,,YES
WP250,Weld Plate,,384.0,ShipVia,,384.0,384.0,Weld Plate,ShipVia:45 | Acc:41,NO,,YES
WP300,Weld Plate,,527.0,ShipVia,,527.0,527.0,Weld Plate,ShipVia:46 | Acc:42,NO,,YES
WP350,Weld Plate,,673.0,ShipVia,,673.0,673.0,Weld Plate,ShipVia:47 | Acc:43,NO,,YES
WP400,Weld Plate,,740.0,ShipVia,,740.0,740.0,Weld Plate,ShipVia:48 | Acc:44,NO,,YES
WP450,Weld Plate,,872.0,ShipVia,,872.0,872.0,Weld Plate,ShipVia:49 | Acc:45,NO,,YES
WP500,Weld Plate,,891.0,ShipVia,,891.0,891.0,Weld Plate,ShipVia:50 | Acc:46,NO,,YES
WP550,Weld Plate,,1050.0,ShipVia,,1050.0,1050.0,Weld Plate,ShipVia:51 | Acc:47,NO,,YES
