series_group,unit_system,rule_id,bore,rod_diameter,rate_name,rate_value,source_sheet,source_cell
H|HM|W|MH,inch,rod_extension,1.5,0.625,per_length,14,H2,H2!C8
H|HM|W|MH,inch,stop_tube,1.5,0.625,base,57,H2,H2!D8
H|HM|W|MH,inch,stop_tube,1.5,0.625,per_length,44,H2,H2!E8
H|HM|W|MH,inch,stainless_rod,1.5,0.625,base,40,H2,H2!F8
H|HM|W|MH,inch,stainless_rod,1.5,0.625,per_stroke,6,H2,H2!G8
H|HM|W|MH,inch,chrome_bore,1.5,0.625,base,490,H2,H2!H8
H|HM|W|MH,inch,chrome_bore,1.5,0.625,per_stroke,16,H2,H2!I8
H|HM|W|MH,inch,extra_thread,1.5,0.625,per_length,17,H2,H2!J8
H|HM|W|MH,inch,rod_extension,1.5,1,per_length,16,H2,H2!C9
H|HM|W|MH,inch,stop_tube,1.5,1,base,67,H2,H2!D9
H|HM|W|MH,inch,stop_tube,1.5,1,per_length,51,H2,H2!E9
H|HM|W|MH,inch,stainless_rod,1.5,1,base,72,H2,H2!F9
H|HM|W|MH,inch,stainless_rod,1.5,1,per_stroke,7,H2,H2!G9
H|HM|W|MH,inch,chrome_bore,1.5,1,base,490,H2,H2!H9
H|HM|W|MH,inch,chrome_bore,1.5,1,per_stroke,16,H2,H2!I9
H|HM|W|MH,inch,extra_thread,1.5,1,per_length,18,H2,H2!J9
H|HM|W|MH,inch,rod_extension,2,1,per_length,16,H2,H2!C10
H|HM|W|MH,inch,stop_tube,2,1,base,67,H2,H2!D10
H|HM|W|MH,inch,stop_tube,2,1,per_length,50,H2,H2!E10
H|HM|W|MH,inch,stainless_rod,2,1,base,72,H2,H2!F10
H|HM|W|MH,inch,stainless_rod,2,1,per_stroke,7,H2,H2!G10
H|HM|W|MH,inch,chrome_bore,2,1,base,490,H2,H2!H10
H|HM|W|MH,inch,chrome_bore,2,1,per_stroke,16,H2,H2!I10
H|HM|W|MH,inch,extra_thread,2,1,per_length,18,H2,H2!J10
H|HM|W|MH,inch,rod_extension,2,1.375,per_length,18,H2,H2!C11
H|HM|W|MH,inch,stop_tube,2,1.375,base,72,H2,H2!D11
H|HM|W|MH,inch,stop_tube,2,1.375,per_length,63,H2,H2!E11
H|HM|W|MH,inch,stainless_rod,2,1.375,base,143,H2,H2!F11
H|HM|W|MH,inch,stainless_rod,2,1.375,per_stroke,10,H2,H2!G11
H|HM|W|MH,inch,chrome_bore,2,1.375,base,490,H2,H2!H11
H|HM|W|MH,inch,chrome_bore,2,1.375,per_stroke,16,H2,H2!I11
H|HM|W|MH,inch,extra_thread,2,1.375,per_length,21,H2,H2!J11
H|HM|W|MH,inch,rod_extension,2.5,1,per_length,16,H2,H2!C12
H|HM|W|MH,inch,stop_tube,2.5,1,base,72,H2,H2!D12
H|HM|W|MH,inch,stop_tube,2.5,1,per_length,50,H2,H2!E12
H|HM|W|MH,inch,stainless_rod,2.5,1,base,72,H2,H2!F12
H|HM|W|MH,inch,stainless_rod,2.5,1,per_stroke,7,H2,H2!G12
H|HM|W|MH,inch,chrome_bore,2.5,1,base,490,H2,H2!H12
H|HM|W|MH,inch,chrome_bore,2.5,1,per_stroke,16,H2,H2!I12
H|HM|W|MH,inch,extra_thread,2.5,1,per_length,18,H2,H2!J12
H|HM|W|MH,inch,rod_extension,2.5,1.375,per_length,18,H2,H2!C13
H|HM|W|MH,inch,stop_tube,2.5,1.375,base,73,H2,H2!D13
H|HM|W|MH,inch,stop_tube,2.5,1.375,per_length,54,H2,H2!E13
H|HM|W|MH,inch,stainless_rod,2.5,1.375,base,143,H2,H2!F13
H|HM|W|MH,inch,stainless_rod,2.5,1.375,per_stroke,10,H2,H2!G13
H|HM|W|MH,inch,chrome_bore,2.5,1.375,base,490,H2,H2!H13
H|HM|W|MH,inch,chrome_bore,2.5,1.375,per_stroke,16,H2,H2!I13
H|HM|W|MH,inch,extra_thread,2.5,1.375,per_length,21,H2,H2!J13
H|HM|W|MH,inch,rod_extension,2.5,1.75,per_length,19,H2,H2!C14
H|HM|W|MH,inch,stop_tube,2.5,1.75,base,78,H2,H2!D14
H|HM|W|MH,inch,stop_tube,2.5,1.75,per_length,63,H2,H2!E14
H|HM|W|MH,inch,stainless_rod,2.5,1.75,base,292,H2,H2!F14
H|HM|W|MH,inch,stainless_rod,2.5,1.75,per_stroke,11,H2,H2!G14
H|HM|W|MH,inch,chrome_bore,2.5,1.75,base,490,H2,H2!H14
H|HM|W|MH,inch,chrome_bore,2.5,1.75,per_stroke,16,H2,H2!I14
H|HM|W|MH,inch,extra_thread,2.5,1.75,per_length,26,H2,H2!J14
H|HM|W|MH,inch,rod_extension,3.25,1.375,per_length,18,H2,H2!C15
H|HM|W|MH,inch,stop_tube,3.25,1.375,base,78,H2,H2!D15
H|HM|W|MH,inch,stop_tube,3.25,1.375,per_length,59,H2,H2!E15
H|HM|W|MH,inch,stainless_rod,3.25,1.375,base,143,H2,H2!F15
H|HM|W|MH,inch,stainless_rod,3.25,1.375,per_stroke,10,H2,H2!G15
H|HM|W|MH,inch,chrome_bore,3.25,1.375,base,490,H2,H2!H15
H|HM|W|MH,inch,chrome_bore,3.25,1.375,per_stroke,16,H2,H2!I15
H|HM|W|MH,inch,extra_thread,3.25,1.375,per_length,21,H2,H2!J15
H|HM|W|MH,inch,rod_extension,3.25,1.75,per_length,19,H2,H2!C16
H|HM|W|MH,inch,stop_tube,3.25,1.75,base,82,H2,H2!D16
H|HM|W|MH,inch,stop_tube,3.25,1.75,per_length,70,H2,H2!E16
H|HM|W|MH,inch,stainless_rod,3.25,1.75,base,292,H2,H2!F16
H|HM|W|MH,inch,stainless_rod,3.25,1.75,per_stroke,11,H2,H2!G16
H|HM|W|MH,inch,chrome_bore,3.25,1.75,base,490,H2,H2!H16
H|HM|W|MH,inch,chrome_bore,3.25,1.75,per_stroke,16,H2,H2!I16
H|HM|W|MH,inch,extra_thread,3.25,1.75,per_length,26,H2,H2!J16
H|HM|W|MH,inch,rod_extension,3.25,2,per_length,20,H2,H2!C17
H|HM|W|MH,inch,stop_tube,3.25,2,base,110,H2,H2!D17
H|HM|W|MH,inch,stop_tube,3.25,2,per_length,91,H2,H2!E17
H|HM|W|MH,inch,stainless_rod,3.25,2,base,423,H2,H2!F17
H|HM|W|MH,inch,stainless_rod,3.25,2,per_stroke,13,H2,H2!G17
H|HM|W|MH,inch,chrome_bore,3.25,2,base,490,H2,H2!H17
H|HM|W|MH,inch,chrome_bore,3.25,2,per_stroke,16,H2,H2!I17
H|HM|W|MH,inch,extra_thread,3.25,2,per_length,28,H2,H2!J17
H|HM|W|MH,inch,rod_extension,4,1.75,per_length,19,H2,H2!C18
H|HM|W|MH,inch,stop_tube,4,1.75,base,98,H2,H2!D18
H|HM|W|MH,inch,stop_tube,4,1.75,per_length,78,H2,H2!E18
H|HM|W|MH,inch,stainless_rod,4,1.75,base,292,H2,H2!F18
H|HM|W|MH,inch,stainless_rod,4,1.75,per_stroke,11,H2,H2!G18
H|HM|W|MH,inch,chrome_bore,4,1.75,base,490,H2,H2!H18
H|HM|W|MH,inch,chrome_bore,4,1.75,per_stroke,17,H2,H2!I18
H|HM|W|MH,inch,extra_thread,4,1.75,per_length,26,H2,H2!J18
H|HM|W|MH,inch,rod_extension,4,2,per_length,20,H2,H2!C19
H|HM|W|MH,inch,stop_tube,4,2,base,107,H2,H2!D19
H|HM|W|MH,inch,stop_tube,4,2,per_length,80,H2,H2!E19
H|HM|W|MH,inch,stainless_rod,4,2,base,423,H2,H2!F19
H|HM|W|MH,inch,stainless_rod,4,2,per_stroke,13,H2,H2!G19
H|HM|W|MH,inch,chrome_bore,4,2,base,490,H2,H2!H19
H|HM|W|MH,inch,chrome_bore,4,2,per_stroke,17,H2,H2!I19
H|HM|W|MH,inch,extra_thread,4,2,per_length,28,H2,H2!J19
H|HM|W|MH,inch,rod_extension,4,2.5,per_length,25,H2,H2!C20
H|HM|W|MH,inch,stop_tube,4,2.5,base,118,H2,H2!D20
H|HM|W|MH,inch,stop_tube,4,2.5,per_length,103,H2,H2!E20
H|HM|W|MH,inch,stainless_rod,4,2.5,base,805,H2,H2!F20
H|HM|W|MH,inch,stainless_rod,4,2.5,per_stroke,18,H2,H2!G20
H|HM|W|MH,inch,chrome_bore,4,2.5,base,490,H2,H2!H20
H|HM|W|MH,inch,chrome_bore,4,2.5,per_stroke,17,H2,H2!I20
H|HM|W|MH,inch,extra_thread,4,2.5,per_length,30,H2,H2!J20
H|HM|W|MH,inch,rod_extension,5,2,per_length,20,H2,H2!C21
H|HM|W|MH,inch,stop_tube,5,2,base,123,H2,H2!D21
H|HM|W|MH,inch,stop_tube,5,2,per_length,100,H2,H2!E21
H|HM|W|MH,inch,stainless_rod,5,2,base,423,H2,H2!F21
H|HM|W|MH,inch,stainless_rod,5,2,per_stroke,13,H2,H2!G21
H|HM|W|MH,inch,chrome_bore,5,2,base,510,H2,H2!H21
H|HM|W|MH,inch,chrome_bore,5,2,per_stroke,17,H2,H2!I21
H|HM|W|MH,inch,extra_thread,5,2,per_length,28,H2,H2!J21
H|HM|W|MH,inch,rod_extension,5,2.5,per_length,25,H2,H2!C22
H|HM|W|MH,inch,stop_tube,5,2.5,base,132,H2,H2!D22
H|HM|W|MH,inch,stop_tube,5,2.5,per_length,111,H2,H2!E22
H|HM|W|MH,inch,stainless_rod,5,2.5,base,805,H2,H2!F22
H|HM|W|MH,inch,stainless_rod,5,2.5,per_stroke,18,H2,H2!G22
H|HM|W|MH,inch,chrome_bore,5,2.5,base,510,H2,H2!H22
H|HM|W|MH,inch,chrome_bore,5,2.5,per_stroke,17,H2,H2!I22
H|HM|W|MH,inch,extra_thread,5,2.5,per_length,30,H2,H2!J22
H|HM|W|MH,inch,rod_extension,5,3,per_length,40,H2,H2!C23
H|HM|W|MH,inch,stop_tube,5,3,base,143,H2,H2!D23
H|HM|W|MH,inch,stop_tube,5,3,per_length,131,H2,H2!E23
H|HM|W|MH,inch,stainless_rod,5,3,base,1234,H2,H2!F23
H|HM|W|MH,inch,stainless_rod,5,3,per_stroke,25,H2,H2!G23
H|HM|W|MH,inch,chrome_bore,5,3,base,510,H2,H2!H23
H|HM|W|MH,inch,chrome_bore,5,3,per_stroke,17,H2,H2!I23
H|HM|W|MH,inch,extra_thread,5,3,per_length,58,H2,H2!J23
H|HM|W|MH,inch,rod_extension,5,3.5,per_length,50,H2,H2!C24
H|HM|W|MH,inch,stop_tube,5,3.5,base,153,H2,H2!D24
H|HM|W|MH,inch,stop_tube,5,3.5,per_length,145,H2,H2!E24
H|HM|W|MH,inch,stainless_rod,5,3.5,base,1560,H2,H2!F24
H|HM|W|MH,inch,stainless_rod,5,3.5,per_stroke,32,H2,H2!G24
H|HM|W|MH,inch,chrome_bore,5,3.5,base,510,H2,H2!H24
H|HM|W|MH,inch,chrome_bore,5,3.5,per_stroke,17,H2,H2!I24
H|HM|W|MH,inch,extra_thread,5,3.5,per_length,68,H2,H2!J24
H|HM|W|MH,inch,rod_extension,6,2.5,per_length,25,H2,H2!C25
H|HM|W|MH,inch,stop_tube,6,2.5,base,139,H2,H2!D25
H|HM|W|MH,inch,stop_tube,6,2.5,per_length,124,H2,H2!E25
H|HM|W|MH,inch,stainless_rod,6,2.5,base,805,H2,H2!F25
H|HM|W|MH,inch,stainless_rod,6,2.5,per_stroke,18,H2,H2!G25
H|HM|W|MH,inch,chrome_bore,6,2.5,base,510,H2,H2!H25
H|HM|W|MH,inch,chrome_bore,6,2.5,per_stroke,17,H2,H2!I25
H|HM|W|MH,inch,extra_thread,6,2.5,per_length,30,H2,H2!J25
H|HM|W|MH,inch,rod_extension,6,3,per_length,40,H2,H2!C26
H|HM|W|MH,inch,stop_tube,6,3,base,157,H2,H2!D26
H|HM|W|MH,inch,stop_tube,6,3,per_length,138,H2,H2!E26
H|HM|W|MH,inch,stainless_rod,6,3,base,1234,H2,H2!F26
H|HM|W|MH,inch,stainless_rod,6,3,per_stroke,25,H2,H2!G26
H|HM|W|MH,inch,chrome_bore,6,3,base,510,H2,H2!H26
H|HM|W|MH,inch,chrome_bore,6,3,per_stroke,17,H2,H2!I26
H|HM|W|MH,inch,extra_thread,6,3,per_length,58,H2,H2!J26
H|HM|W|MH,inch,rod_extension,6,3.5,per_length,50,H2,H2!C27
H|HM|W|MH,inch,stop_tube,6,3.5,base,166,H2,H2!D27
H|HM|W|MH,inch,stop_tube,6,3.5,per_length,159,H2,H2!E27
H|HM|W|MH,inch,stainless_rod,6,3.5,base,1560,H2,H2!F27
H|HM|W|MH,inch,stainless_rod,6,3.5,per_stroke,32,H2,H2!G27
H|HM|W|MH,inch,chrome_bore,6,3.5,base,510,H2,H2!H27
H|HM|W|MH,inch,chrome_bore,6,3.5,per_stroke,17,H2,H2!I27
H|HM|W|MH,inch,extra_thread,6,3.5,per_length,68,H2,H2!J27
H|HM|W|MH,inch,rod_extension,6,4,per_length,60,H2,H2!C28
H|HM|W|MH,inch,stop_tube,6,4,base,182,H2,H2!D28
H|HM|W|MH,inch,stop_tube,6,4,per_length,180,H2,H2!E28
H|HM|W|MH,inch,stainless_rod,6,4,base,1859,H2,H2!F28
H|HM|W|MH,inch,stainless_rod,6,4,per_stroke,44,H2,H2!G28
H|HM|W|MH,inch,chrome_bore,6,4,base,510,H2,H2!H28
H|HM|W|MH,inch,chrome_bore,6,4,per_stroke,17,H2,H2!I28
H|HM|W|MH,inch,extra_thread,6,4,per_length,84,H2,H2!J28
H|HM|W|MH,inch,rod_extension,7,3,per_length,40,H2,H2!C29
H|HM|W|MH,inch,stop_tube,7,3,base,159,H2,H2!D29
H|HM|W|MH,inch,stop_tube,7,3,per_length,159,H2,H2!E29
H|HM|W|MH,inch,stainless_rod,7,3,base,1234,H2,H2!F29
H|HM|W|MH,inch,stainless_rod,7,3,per_stroke,25,H2,H2!G29
H|HM|W|MH,inch,chrome_bore,7,3,base,513,H2,H2!H29
H|HM|W|MH,inch,chrome_bore,7,3,per_stroke,18,H2,H2!I29
H|HM|W|MH,inch,extra_thread,7,3,per_length,58,H2,H2!J29
H|HM|W|MH,inch,rod_extension,7,3.5,per_length,50,H2,H2!C30
H|HM|W|MH,inch,stop_tube,7,3.5,base,180,H2,H2!D30
H|HM|W|MH,inch,stop_tube,7,3.5,per_length,175,H2,H2!E30
H|HM|W|MH,inch,stainless_rod,7,3.5,base,1560,H2,H2!F30
H|HM|W|MH,inch,stainless_rod,7,3.5,per_stroke,32,H2,H2!G30
H|HM|W|MH,inch,chrome_bore,7,3.5,base,513,H2,H2!H30
H|HM|W|MH,inch,chrome_bore,7,3.5,per_stroke,18,H2,H2!I30
H|HM|W|MH,inch,extra_thread,7,3.5,per_length,68,H2,H2!J30
H|HM|W|MH,inch,rod_extension,7,4,per_length,60,H2,H2!C31
H|HM|W|MH,inch,stop_tube,7,4,base,196,H2,H2!D31
H|HM|W|MH,inch,stop_tube,7,4,per_length,196,H2,H2!E31
H|HM|W|MH,inch,stainless_rod,7,4,base,1859,H2,H2!F31
H|HM|W|MH,inch,stainless_rod,7,4,per_stroke,44,H2,H2!G31
H|HM|W|MH,inch,chrome_bore,7,4,base,513,H2,H2!H31
H|HM|W|MH,inch,chrome_bore,7,4,per_stroke,18,H2,H2!I31
H|HM|W|MH,inch,extra_thread,7,4,per_length,84,H2,H2!J31
H|HM|W|MH,inch,rod_extension,7,4.5,per_length,79,H2,H2!C32
H|HM|W|MH,inch,stop_tube,7,4.5,base,216,H2,H2!D32
H|HM|W|MH,inch,stop_tube,7,4.5,per_length,224,H2,H2!E32
H|HM|W|MH,inch,stainless_rod,7,4.5,base,2982,H2,H2!F32
H|HM|W|MH,inch,stainless_rod,7,4.5,per_stroke,65,H2,H2!G32
H|HM|W|MH,inch,chrome_bore,7,4.5,base,513,H2,H2!H32
H|HM|W|MH,inch,chrome_bore,7,4.5,per_stroke,18,H2,H2!I32
H|HM|W|MH,inch,extra_thread,7,4.5,per_length,101,H2,H2!J32
H|HM|W|MH,inch,rod_extension,7,5,per_length,137,H2,H2!C33
H|HM|W|MH,inch,stop_tube,7,5,base,236,H2,H2!D33
H|HM|W|MH,inch,stop_tube,7,5,per_length,250,H2,H2!E33
H|HM|W|MH,inch,stainless_rod,7,5,base,3820,H2,H2!F33
H|HM|W|MH,inch,stainless_rod,7,5,per_stroke,78,H2,H2!G33
H|HM|W|MH,inch,chrome_bore,7,5,base,513,H2,H2!H33
H|HM|W|MH,inch,chrome_bore,7,5,per_stroke,18,H2,H2!I33
H|HM|W|MH,inch,extra_thread,7,5,per_length,123,H2,H2!J33
H|HM|W|MH,inch,rod_extension,8,3.5,per_length,50,H2,H2!C34
H|HM|W|MH,inch,stop_tube,8,3.5,base,209,H2,H2!D34
H|HM|W|MH,inch,stop_tube,8,3.5,per_length,212,H2,H2!E34
H|HM|W|MH,inch,stainless_rod,8,3.5,base,1560,H2,H2!F34
H|HM|W|MH,inch,stainless_rod,8,3.5,per_stroke,32,H2,H2!G34
H|HM|W|MH,inch,chrome_bore,8,3.5,base,513,H2,H2!H34
H|HM|W|MH,inch,chrome_bore,8,3.5,per_stroke,20,H2,H2!I34
H|HM|W|MH,inch,extra_thread,8,3.5,per_length,68,H2,H2!J34
H|HM|W|MH,inch,rod_extension,8,4,per_length,60,H2,H2!C35
H|HM|W|MH,inch,stop_tube,8,4,base,221,H2,H2!D35
H|HM|W|MH,inch,stop_tube,8,4,per_length,226,H2,H2!E35
H|HM|W|MH,inch,stainless_rod,8,4,base,1859,H2,H2!F35
H|HM|W|MH,inch,stainless_rod,8,4,per_stroke,44,H2,H2!G35
H|HM|W|MH,inch,chrome_bore,8,4,base,513,H2,H2!H35
H|HM|W|MH,inch,chrome_bore,8,4,per_stroke,20,H2,H2!I35
H|HM|W|MH,inch,extra_thread,8,4,per_length,84,H2,H2!J35
H|HM|W|MH,inch,rod_extension,8,4.5,per_length,79,H2,H2!C36
H|HM|W|MH,inch,stop_tube,8,4.5,base,256,H2,H2!D36
H|HM|W|MH,inch,stop_tube,8,4.5,per_length,261,H2,H2!E36
H|HM|W|MH,inch,stainless_rod,8,4.5,base,2982,H2,H2!F36
H|HM|W|MH,inch,stainless_rod,8,4.5,per_stroke,65,H2,H2!G36
H|HM|W|MH,inch,chrome_bore,8,4.5,base,513,H2,H2!H36
H|HM|W|MH,inch,chrome_bore,8,4.5,per_stroke,20,H2,H2!I36
H|HM|W|MH,inch,extra_thread,8,4.5,per_length,101,H2,H2!J36
H|HM|W|MH,inch,rod_extension,8,5,per_length,137,H2,H2!C37
H|HM|W|MH,inch,stop_tube,8,5,base,290,H2,H2!D37
H|HM|W|MH,inch,stop_tube,8,5,per_length,289,H2,H2!E37
H|HM|W|MH,inch,stainless_rod,8,5,base,3820,H2,H2!F37
H|HM|W|MH,inch,stainless_rod,8,5,per_stroke,78,H2,H2!G37
H|HM|W|MH,inch,chrome_bore,8,5,base,513,H2,H2!H37
H|HM|W|MH,inch,chrome_bore,8,5,per_stroke,20,H2,H2!I37
H|HM|W|MH,inch,extra_thread,8,5,per_length,123,H2,H2!J37
H|HM|W|MH,inch,rod_extension,8,5.5,per_length,164,H2,H2!C38
H|HM|W|MH,inch,stop_tube,8,5.5,base,292,H2,H2!D38
H|HM|W|MH,inch,stop_tube,8,5.5,per_length,319,H2,H2!E38
H|HM|W|MH,inch,stainless_rod,8,5.5,base,4413,H2,H2!F38
H|HM|W|MH,inch,stainless_rod,8,5.5,per_stroke,84,H2,H2!G38
H|HM|W|MH,inch,chrome_bore,8,5.5,base,513,H2,H2!H38
H|HM|W|MH,inch,chrome_bore,8,5.5,per_stroke,20,H2,H2!I38
H|HM|W|MH,inch,extra_thread,8,5.5,per_length,117,H2,H2!J38
H|HM|W|MH,inch,rod_extension,10,4.5,per_length,79,H2,H2!C39
H|HM|W|MH,inch,stop_tube,10,4.5,base,449,H2,H2!D39
H|HM|W|MH,inch,stop_tube,10,4.5,per_length,282,H2,H2!E39
H|HM|W|MH,inch,stainless_rod,10,4.5,base,2831,H2,H2!F39
H|HM|W|MH,inch,stainless_rod,10,4.5,per_stroke,42,H2,H2!G39
H|HM|W|MH,inch,chrome_bore,10,4.5,base,686,H2,H2!H39
H|HM|W|MH,inch,chrome_bore,10,4.5,per_stroke,26,H2,H2!I39
H|HM|W|MH,inch,extra_thread,10,4.5,per_length,101,H2,H2!J39
H|HM|W|MH,inch,rod_extension,10,5,per_length,137,H2,H2!C40
H|HM|W|MH,inch,stop_tube,10,5,base,473,H2,H2!D40
H|HM|W|MH,inch,stop_tube,10,5,per_length,298,H2,H2!E40
H|HM|W|MH,inch,stainless_rod,10,5,base,3813,H2,H2!F40
H|HM|W|MH,inch,stainless_rod,10,5,per_stroke,54,H2,H2!G40
H|HM|W|MH,inch,chrome_bore,10,5,base,686,H2,H2!H40
H|HM|W|MH,inch,chrome_bore,10,5,per_stroke,26,H2,H2!I40
H|HM|W|MH,inch,extra_thread,10,5,per_length,123,H2,H2!J40
H|HM|W|MH,inch,rod_extension,10,5.5,per_length,164,H2,H2!C41
H|HM|W|MH,inch,stop_tube,10,5.5,base,486,H2,H2!D41
H|HM|W|MH,inch,stop_tube,10,5.5,per_length,321,H2,H2!E41
H|HM|W|MH,inch,stainless_rod,10,5.5,base,4380,H2,H2!F41
H|HM|W|MH,inch,stainless_rod,10,5.5,per_stroke,58,H2,H2!G41
H|HM|W|MH,inch,chrome_bore,10,5.5,base,686,H2,H2!H41
H|HM|W|MH,inch,chrome_bore,10,5.5,per_stroke,26,H2,H2!I41
H|HM|W|MH,inch,extra_thread,10,5.5,per_length,146,H2,H2!J41
H|HM|W|MH,inch,rod_extension,10,7,per_length,192,H2,H2!C42
H|HM|W|MH,inch,stop_tube,10,7,base,590,H2,H2!D42
H|HM|W|MH,inch,stop_tube,10,7,per_length,513,H2,H2!E42
H|HM|W|MH,inch,stainless_rod,10,7,base,6609,H2,H2!F42
H|HM|W|MH,inch,stainless_rod,10,7,per_stroke,84,H2,H2!G42
H|HM|W|MH,inch,chrome_bore,10,7,base,686,H2,H2!H42
H|HM|W|MH,inch,chrome_bore,10,7,per_stroke,26,H2,H2!I42
H|HM|W|MH,inch,extra_thread,10,7,per_length,183,H2,H2!J42
H|HM|W|MH,inch,rod_extension,12,5.5,per_length,164,H2,H2!C43
H|HM|W|MH,inch,stop_tube,12,5.5,base,473,H2,H2!D43
H|HM|W|MH,inch,stop_tube,12,5.5,per_length,348,H2,H2!E43
H|HM|W|MH,inch,stainless_rod,12,5.5,base,4380,H2,H2!F43
H|HM|W|MH,inch,stainless_rod,12,5.5,per_stroke,58,H2,H2!G43
H|HM|W|MH,inch,chrome_bore,12,5.5,base,918,H2,H2!H43
H|HM|W|MH,inch,chrome_bore,12,5.5,per_stroke,36,H2,H2!I43
H|HM|W|MH,inch,extra_thread,12,5.5,per_length,146,H2,H2!J43
H|HM|W|MH,inch,rod_extension,12,7,per_length,192,H2,H2!C44
H|HM|W|MH,inch,stop_tube,12,7,base,590,H2,H2!D44
H|HM|W|MH,inch,stop_tube,12,7,per_length,513,H2,H2!E44
H|HM|W|MH,inch,stainless_rod,12,7,base,6609,H2,H2!F44
H|HM|W|MH,inch,stainless_rod,12,7,per_stroke,84,H2,H2!G44
H|HM|W|MH,inch,chrome_bore,12,7,base,918,H2,H2!H44
H|HM|W|MH,inch,chrome_bore,12,7,per_stroke,36,H2,H2!I44
H|HM|W|MH,inch,extra_thread,12,7,per_length,183,H2,H2!J44
H|HM|W|MH,inch,rod_extension,12,8,per_length,264,H2,H2!C45
H|HM|W|MH,inch,stop_tube,12,8,base,665,H2,H2!D45
H|HM|W|MH,inch,stop_tube,12,8,per_length,560,H2,H2!E45
H|HM|W|MH,inch,stainless_rod,12,8,base,10934,H2,H2!F45
H|HM|W|MH,inch,stainless_rod,12,8,per_stroke,136,H2,H2!G45
H|HM|W|MH,inch,chrome_bore,12,8,base,918,H2,H2!H45
H|HM|W|MH,inch,chrome_bore,12,8,per_stroke,36,H2,H2!I45
H|HM|W|MH,inch,extra_thread,12,8,per_length,317,H2,H2!J45
H|HM|W|MH,inch,rod_extension,14,8,per_length,264,H2,H2!C46
H|HM|W|MH,inch,stop_tube,14,8,base,665,H2,H2!D46
H|HM|W|MH,inch,stop_tube,14,8,per_length,560,H2,H2!E46
H|HM|W|MH,inch,stainless_rod,14,8,base,10934,H2,H2!F46
H|HM|W|MH,inch,stainless_rod,14,8,per_stroke,136,H2,H2!G46
H|HM|W|MH,inch,chrome_bore,14,8,base,1230,H2,H2!H46
H|HM|W|MH,inch,chrome_bore,14,8,per_stroke,44,H2,H2!I46
H|HM|W|MH,inch,extra_thread,14,8,per_length,317,H2,H2!J46
H|HM|W|MH,inch,rod_extension,14,10,per_length,344,H2,H2!C47
H|HM|W|MH,inch,stop_tube,14,10,base,785,H2,H2!D47
H|HM|W|MH,inch,stop_tube,14,10,per_length,699,H2,H2!E47
H|HM|W|MH,inch,stainless_rod,14,10,base,13531,H2,H2!F47
H|HM|W|MH,inch,stainless_rod,14,10,per_stroke,175,H2,H2!G47
H|HM|W|MH,inch,chrome_bore,14,10,base,1230,H2,H2!H47
H|HM|W|MH,inch,chrome_bore,14,10,per_stroke,44,H2,H2!I47
H|HM|W|MH,inch,extra_thread,14,10,per_length,411,H2,H2!J47
H|HM|W|MH,inch,rod_extension,16,8,per_length,264,H2,H2!C48
H|HM|W|MH,inch,stop_tube,16,8,base,1207,H2,H2!D48
H|HM|W|MH,inch,stop_tube,16,8,per_length,706,H2,H2!E48
H|HM|W|MH,inch,stainless_rod,16,8,base,10934,H2,H2!F48
H|HM|W|MH,inch,stainless_rod,16,8,per_stroke,136,H2,H2!G48
H|HM|W|MH,inch,chrome_bore,16,8,base,1650,H2,H2!H48
H|HM|W|MH,inch,chrome_bore,16,8,per_stroke,58,H2,H2!I48
H|HM|W|MH,inch,extra_thread,16,8,per_length,317,H2,H2!J48
H|HM|W|MH,inch,rod_extension,16,10,per_length,344,H2,H2!C49
H|HM|W|MH,inch,stop_tube,16,10,base,1720,H2,H2!D49
H|HM|W|MH,inch,stop_tube,16,10,per_length,870,H2,H2!E49
H|HM|W|MH,inch,stainless_rod,16,10,base,13531,H2,H2!F49
H|HM|W|MH,inch,stainless_rod,16,10,per_stroke,175,H2,H2!G49
H|HM|W|MH,inch,chrome_bore,16,10,base,1650,H2,H2!H49
H|HM|W|MH,inch,chrome_bore,16,10,per_stroke,58,H2,H2!I49
H|HM|W|MH,inch,extra_thread,16,10,per_length,411,H2,H2!J49
H|HM|W|MH,inch,rod_extension,18,8,per_length,264,H2,H2!C50
H|HM|W|MH,inch,stop_tube,18,8,base,1667,H2,H2!D50
H|HM|W|MH,inch,stop_tube,18,8,per_length,818,H2,H2!E50
H|HM|W|MH,inch,stainless_rod,18,8,base,10934,H2,H2!F50
H|HM|W|MH,inch,stainless_rod,18,8,per_stroke,136,H2,H2!G50
H|HM|W|MH,inch,chrome_bore,18,8,base,2212,H2,H2!H50
H|HM|W|MH,inch,chrome_bore,18,8,per_stroke,74,H2,H2!I50
H|HM|W|MH,inch,extra_thread,18,8,per_length,317,H2,H2!J50
H|HM|W|MH,inch,rod_extension,18,10,per_length,344,H2,H2!C51
H|HM|W|MH,inch,stop_tube,18,10,base,1797,H2,H2!D51
H|HM|W|MH,inch,stop_tube,18,10,per_length,924,H2,H2!E51
H|HM|W|MH,inch,stainless_rod,18,10,base,13531,H2,H2!F51
H|HM|W|MH,inch,stainless_rod,18,10,per_stroke,175,H2,H2!G51
H|HM|W|MH,inch,chrome_bore,18,10,base,2212,H2,H2!H51
H|HM|W|MH,inch,chrome_bore,18,10,per_stroke,74,H2,H2!I51
H|HM|W|MH,inch,extra_thread,18,10,per_length,411,H2,H2!J51
H|HM|W|MH,inch,rod_extension,20,10,per_length,344,H2,H2!C52
H|HM|W|MH,inch,stop_tube,20,10,base,1888,H2,H2!D52
H|HM|W|MH,inch,stop_tube,20,10,per_length,983,H2,H2!E52
H|HM|W|MH,inch,stainless_rod,20,10,base,13531,H2,H2!F52
H|HM|W|MH,inch,stainless_rod,20,10,per_stroke,175,H2,H2!G52
H|HM|W|MH,inch,chrome_bore,20,10,base,2967,H2,H2!H52
H|HM|W|MH,inch,chrome_bore,20,10,per_stroke,98,H2,H2!I52
H|HM|W|MH,inch,extra_thread,20,10,per_length,411,H2,H2!J52
H|HM|W|MH,inch,rod_gland_drain,1.5,0.625,fixed,374,H3,H3!C8
H|HM|W|MH,inch,air_bleed,1.5,0.625,fixed_each,173,H3,H3!D8
H|HM|W|MH,inch,prox_switch,1.5,0.625,fixed_each,823,H3,H3!E8
H|HM|W|MH,inch,brass_wiper,1.5,0.625,fixed,84,H3,H3!F8
H|HM|W|MH,inch,viton_seals,1.5,0.625,rod,15,H3,H3!G8
H|HM|W|MH,inch,viton_seals,1.5,0.625,piston,40,H3,H3!H8
H|HM|W|MH,inch,extra_port,1.5,0.625,fixed_each,92,H3,H3!I8
H|HM|W|MH,inch,light_duty_mill,1.5,0.625,fixed,599,H3,H3!K8
H|HM|W|MH,inch,rod_gland_drain,1.5,1,fixed,448,H3,H3!C9
H|HM|W|MH,inch,air_bleed,1.5,1,fixed_each,173,H3,H3!D9
H|HM|W|MH,inch,prox_switch,1.5,1,fixed_each,823,H3,H3!E9
H|HM|W|MH,inch,brass_wiper,1.5,1,fixed,88,H3,H3!F9
H|HM|W|MH,inch,viton_seals,1.5,1,rod,20,H3,H3!G9
H|HM|W|MH,inch,viton_seals,1.5,1,piston,40,H3,H3!H9
H|HM|W|MH,inch,extra_port,1.5,1,fixed_each,92,H3,H3!I9
H|HM|W|MH,inch,light_duty_mill,1.5,1,fixed,599,H3,H3!K9
H|HM|W|MH,inch,rod_gland_drain,2,1,fixed,448,H3,H3!C10
H|HM|W|MH,inch,air_bleed,2,1,fixed_each,182,H3,H3!D10
H|HM|W|MH,inch,prox_switch,2,1,fixed_each,823,H3,H3!E10
H|HM|W|MH,inch,brass_wiper,2,1,fixed,88,H3,H3!F10
H|HM|W|MH,inch,viton_seals,2,1,rod,20,H3,H3!G10
H|HM|W|MH,inch,viton_seals,2,1,piston,60,H3,H3!H10
H|HM|W|MH,inch,extra_port,2,1,fixed_each,95,H3,H3!I10
H|HM|W|MH,inch,light_duty_mill,2,1,fixed,699,H3,H3!K10
H|HM|W|MH,inch,rod_gland_drain,2,1.375,fixed,457,H3,H3!C11
H|HM|W|MH,inch,air_bleed,2,1.375,fixed_each,182,H3,H3!D11
H|HM|W|MH,inch,prox_switch,2,1.375,fixed_each,823,H3,H3!E11
H|HM|W|MH,inch,brass_wiper,2,1.375,fixed,113,H3,H3!F11
H|HM|W|MH,inch,viton_seals,2,1.375,rod,35,H3,H3!G11
H|HM|W|MH,inch,viton_seals,2,1.375,piston,60,H3,H3!H11
H|HM|W|MH,inch,extra_port,2,1.375,fixed_each,95,H3,H3!I11
H|HM|W|MH,inch,light_duty_mill,2,1.375,fixed,699,H3,H3!K11
H|HM|W|MH,inch,rod_gland_drain,2.5,1,fixed,448,H3,H3!C12
H|HM|W|MH,inch,air_bleed,2.5,1,fixed_each,188,H3,H3!D12
H|HM|W|MH,inch,prox_switch,2.5,1,fixed_each,823,H3,H3!E12
H|HM|W|MH,inch,brass_wiper,2.5,1,fixed,88,H3,H3!F12
H|HM|W|MH,inch,viton_seals,2.5,1,rod,20,H3,H3!G12
H|HM|W|MH,inch,viton_seals,2.5,1,piston,75,H3,H3!H12
H|HM|W|MH,inch,extra_port,2.5,1,fixed_each,100,H3,H3!I12
H|HM|W|MH,inch,light_duty_mill,2.5,1,fixed,863,H3,H3!K12
H|HM|W|MH,inch,rod_gland_drain,2.5,1.375,fixed,457,H3,H3!C13
H|HM|W|MH,inch,air_bleed,2.5,1.375,fixed_each,188,H3,H3!D13
H|HM|W|MH,inch,prox_switch,2.5,1.375,fixed_each,823,H3,H3!E13
H|HM|W|MH,inch,brass_wiper,2.5,1.375,fixed,113,H3,H3!F13
H|HM|W|MH,inch,viton_seals,2.5,1.375,rod,35,H3,H3!G13
H|HM|W|MH,inch,viton_seals,2.5,1.375,piston,75,H3,H3!H13
H|HM|W|MH,inch,extra_port,2.5,1.375,fixed_each,100,H3,H3!I13
H|HM|W|MH,inch,light_duty_mill,2.5,1.375,fixed,863,H3,H3!K13
H|HM|W|MH,inch,rod_gland_drain,2.5,1.75,fixed,468,H3,H3!C14
H|HM|W|MH,inch,air_bleed,2.5,1.75,fixed_each,188,H3,H3!D14
H|HM|W|MH,inch,prox_switch,2.5,1.75,fixed_each,823,H3,H3!E14
H|HM|W|MH,inch,brass_wiper,2.5,1.75,fixed,155,H3,H3!F14
H|HM|W|MH,inch,viton_seals,2.5,1.75,rod,40,H3,H3!G14
H|HM|W|MH,inch,viton_seals,2.5,1.75,piston,75,H3,H3!H14
H|HM|W|MH,inch,extra_port,2.5,1.75,fixed_each,100,H3,H3!I14
H|HM|W|MH,inch,light_duty_mill,2.5,1.75,fixed,863,H3,H3!K14
H|HM|W|MH,inch,rod_gland_drain,3.25,1.375,fixed,457,H3,H3!C15
H|HM|W|MH,inch,air_bleed,3.25,1.375,fixed_each,198,H3,H3!D15
H|HM|W|MH,inch,prox_switch,3.25,1.375,fixed_each,823,H3,H3!E15
H|HM|W|MH,inch,brass_wiper,3.25,1.375,fixed,113,H3,H3!F15
H|HM|W|MH,inch,viton_seals,3.25,1.375,rod,35,H3,H3!G15
H|HM|W|MH,inch,viton_seals,3.25,1.375,piston,100,H3,H3!H15
H|HM|W|MH,inch,extra_port,3.25,1.375,fixed_each,105,H3,H3!I15
H|HM|W|MH,inch,light_duty_mill,3.25,1.375,fixed,979,H3,H3!K15
H|HM|W|MH,inch,rod_gland_drain,3.25,1.75,fixed,468,H3,H3!C16
H|HM|W|MH,inch,air_bleed,3.25,1.75,fixed_each,198,H3,H3!D16
H|HM|W|MH,inch,prox_switch,3.25,1.75,fixed_each,823,H3,H3!E16
H|HM|W|MH,inch,brass_wiper,3.25,1.75,fixed,155,H3,H3!F16
H|HM|W|MH,inch,viton_seals,3.25,1.75,rod,40,H3,H3!G16
H|HM|W|MH,inch,viton_seals,3.25,1.75,piston,100,H3,H3!H16
H|HM|W|MH,inch,extra_port,3.25,1.75,fixed_each,105,H3,H3!I16
H|HM|W|MH,inch,light_duty_mill,3.25,1.75,fixed,979,H3,H3!K16
H|HM|W|MH,inch,rod_gland_drain,3.25,2,fixed,478,H3,H3!C17
H|HM|W|MH,inch,air_bleed,3.25,2,fixed_each,198,H3,H3!D17
H|HM|W|MH,inch,prox_switch,3.25,2,fixed_each,823,H3,H3!E17
H|HM|W|MH,inch,brass_wiper,3.25,2,fixed,236,H3,H3!F17
H|HM|W|MH,inch,viton_seals,3.25,2,rod,60,H3,H3!G17
H|HM|W|MH,inch,viton_seals,3.25,2,piston,100,H3,H3!H17
H|HM|W|MH,inch,extra_port,3.25,2,fixed_each,105,H3,H3!I17
H|HM|W|MH,inch,light_duty_mill,3.25,2,fixed,979,H3,H3!K17
H|HM|W|MH,inch,rod_gland_drain,4,1.75,fixed,468,H3,H3!C18
H|HM|W|MH,inch,air_bleed,4,1.75,fixed_each,208,H3,H3!D18
H|HM|W|MH,inch,prox_switch,4,1.75,fixed_each,823,H3,H3!E18
H|HM|W|MH,inch,brass_wiper,4,1.75,fixed,155,H3,H3!F18
H|HM|W|MH,inch,viton_seals,4,1.75,rod,40,H3,H3!G18
H|HM|W|MH,inch,viton_seals,4,1.75,piston,130,H3,H3!H18
H|HM|W|MH,inch,extra_port,4,1.75,fixed_each,116,H3,H3!I18
H|HM|W|MH,inch,light_duty_mill,4,1.75,fixed,1141,H3,H3!K18
H|HM|W|MH,inch,rod_gland_drain,4,2,fixed,478,H3,H3!C19
H|HM|W|MH,inch,air_bleed,4,2,fixed_each,208,H3,H3!D19
H|HM|W|MH,inch,prox_switch,4,2,fixed_each,823,H3,H3!E19
H|HM|W|MH,inch,brass_wiper,4,2,fixed,236,H3,H3!F19
H|HM|W|MH,inch,viton_seals,4,2,rod,60,H3,H3!G19
H|HM|W|MH,inch,viton_seals,4,2,piston,130,H3,H3!H19
H|HM|W|MH,inch,extra_port,4,2,fixed_each,116,H3,H3!I19
H|HM|W|MH,inch,light_duty_mill,4,2,fixed,1141,H3,H3!K19
H|HM|W|MH,inch,rod_gland_drain,4,2.5,fixed,483,H3,H3!C20
H|HM|W|MH,inch,air_bleed,4,2.5,fixed_each,208,H3,H3!D20
H|HM|W|MH,inch,prox_switch,4,2.5,fixed_each,823,H3,H3!E20
H|HM|W|MH,inch,brass_wiper,4,2.5,fixed,422,H3,H3!F20
H|HM|W|MH,inch,viton_seals,4,2.5,rod,189,H3,H3!G20
H|HM|W|MH,inch,viton_seals,4,2.5,piston,244,H3,H3!H20
H|HM|W|MH,inch,extra_port,4,2.5,fixed_each,116,H3,H3!I20
H|HM|W|MH,inch,light_duty_mill,4,2.5,fixed,1141,H3,H3!K20
H|HM|W|MH,inch,rod_gland_drain,5,2,fixed,478,H3,H3!C21
H|HM|W|MH,inch,air_bleed,5,2,fixed_each,218,H3,H3!D21
H|HM|W|MH,inch,prox_switch,5,2,fixed_each,823,H3,H3!E21
H|HM|W|MH,inch,brass_wiper,5,2,fixed,236,H3,H3!F21
H|HM|W|MH,inch,viton_seals,5,2,rod,96,H3,H3!G21
H|HM|W|MH,inch,viton_seals,5,2,piston,450,H3,H3!H21
H|HM|W|MH,inch,extra_port,5,2,fixed_each,120,H3,H3!I21
H|HM|W|MH,inch,light_duty_mill,5,2,fixed,1548,H3,H3!K21
H|HM|W|MH,inch,rod_gland_drain,5,2.5,fixed,483,H3,H3!C22
H|HM|W|MH,inch,air_bleed,5,2.5,fixed_each,218,H3,H3!D22
H|HM|W|MH,inch,prox_switch,5,2.5,fixed_each,823,H3,H3!E22
H|HM|W|MH,inch,brass_wiper,5,2.5,fixed,422,H3,H3!F22
H|HM|W|MH,inch,viton_seals,5,2.5,rod,189,H3,H3!G22
H|HM|W|MH,inch,viton_seals,5,2.5,piston,554,H3,H3!H22
H|HM|W|MH,inch,extra_port,5,2.5,fixed_each,120,H3,H3!I22
H|HM|W|MH,inch,light_duty_mill,5,2.5,fixed,1548,H3,H3!K22
H|HM|W|MH,inch,rod_gland_drain,5,3,fixed,513,H3,H3!C23
H|HM|W|MH,inch,air_bleed,5,3,fixed_each,218,H3,H3!D23
H|HM|W|MH,inch,prox_switch,5,3,fixed_each,823,H3,H3!E23
H|HM|W|MH,inch,brass_wiper,5,3,fixed,466,H3,H3!F23
H|HM|W|MH,inch,viton_seals,5,3,rod,248,H3,H3!G23
H|HM|W|MH,inch,viton_seals,5,3,piston,554,H3,H3!H23
H|HM|W|MH,inch,extra_port,5,3,fixed_each,120,H3,H3!I23
H|HM|W|MH,inch,light_duty_mill,5,3,fixed,1548,H3,H3!K23
H|HM|W|MH,inch,rod_gland_drain,5,3.5,fixed,541,H3,H3!C24
H|HM|W|MH,inch,air_bleed,5,3.5,fixed_each,218,H3,H3!D24
H|HM|W|MH,inch,prox_switch,5,3.5,fixed_each,823,H3,H3!E24
H|HM|W|MH,inch,brass_wiper,5,3.5,fixed,651,H3,H3!F24
H|HM|W|MH,inch,viton_seals,5,3.5,rod,292,H3,H3!G24
H|HM|W|MH,inch,viton_seals,5,3.5,piston,554,H3,H3!H24
H|HM|W|MH,inch,extra_port,5,3.5,fixed_each,120,H3,H3!I24
H|HM|W|MH,inch,light_duty_mill,5,3.5,fixed,1548,H3,H3!K24
H|HM|W|MH,inch,rod_gland_drain,6,2.5,fixed,483,H3,H3!C25
H|HM|W|MH,inch,air_bleed,6,2.5,fixed_each,229,H3,H3!D25
H|HM|W|MH,inch,prox_switch,6,2.5,fixed_each,823,H3,H3!E25
H|HM|W|MH,inch,brass_wiper,6,2.5,fixed,422,H3,H3!F25
H|HM|W|MH,inch,viton_seals,6,2.5,rod,90,H3,H3!G25
H|HM|W|MH,inch,viton_seals,6,2.5,piston,270,H3,H3!H25
H|HM|W|MH,inch,extra_port,6,2.5,fixed_each,130,H3,H3!I25
H|HM|W|MH,inch,light_duty_mill,6,2.5,fixed,1757,H3,H3!K25
H|HM|W|MH,inch,rod_gland_drain,6,3,fixed,513,H3,H3!C26
H|HM|W|MH,inch,air_bleed,6,3,fixed_each,229,H3,H3!D26
H|HM|W|MH,inch,prox_switch,6,3,fixed_each,823,H3,H3!E26
H|HM|W|MH,inch,brass_wiper,6,3,fixed,466,H3,H3!F26
H|HM|W|MH,inch,viton_seals,6,3,rod,242,H3,H3!G26
H|HM|W|MH,inch,viton_seals,6,3,piston,578,H3,H3!H26
H|HM|W|MH,inch,extra_port,6,3,fixed_each,130,H3,H3!I26
H|HM|W|MH,inch,light_duty_mill,6,3,fixed,1757,H3,H3!K26
H|HM|W|MH,inch,rod_gland_drain,6,3.5,fixed,558,H3,H3!C27
H|HM|W|MH,inch,air_bleed,6,3.5,fixed_each,229,H3,H3!D27
H|HM|W|MH,inch,prox_switch,6,3.5,fixed_each,823,H3,H3!E27
H|HM|W|MH,inch,brass_wiper,6,3.5,fixed,651,H3,H3!F27
H|HM|W|MH,inch,viton_seals,6,3.5,rod,292,H3,H3!G27
H|HM|W|MH,inch,viton_seals,6,3.5,piston,578,H3,H3!H27
H|HM|W|MH,inch,extra_port,6,3.5,fixed_each,130,H3,H3!I27
H|HM|W|MH,inch,light_duty_mill,6,3.5,fixed,1757,H3,H3!K27
H|HM|W|MH,inch,rod_gland_drain,6,4,fixed,587,H3,H3!C28
H|HM|W|MH,inch,air_bleed,6,4,fixed_each,229,H3,H3!D28
H|HM|W|MH,inch,prox_switch,6,4,fixed_each,823,H3,H3!E28
H|HM|W|MH,inch,brass_wiper,6,4,fixed,716,H3,H3!F28
H|HM|W|MH,inch,viton_seals,6,4,rod,343,H3,H3!G28
H|HM|W|MH,inch,viton_seals,6,4,piston,578,H3,H3!H28
H|HM|W|MH,inch,extra_port,6,4,fixed_each,130,H3,H3!I28
H|HM|W|MH,inch,light_duty_mill,6,4,fixed,1757,H3,H3!K28
H|HM|W|MH,inch,rod_gland_drain,7,3,fixed,513,H3,H3!C29
H|HM|W|MH,inch,air_bleed,7,3,fixed_each,238,H3,H3!D29
H|HM|W|MH,inch,prox_switch,7,3,fixed_each,823,H3,H3!E29
H|HM|W|MH,inch,brass_wiper,7,3,fixed,466,H3,H3!F29
H|HM|W|MH,inch,viton_seals,7,3,rod,242,H3,H3!G29
H|HM|W|MH,inch,viton_seals,7,3,piston,647,H3,H3!H29
H|HM|W|MH,inch,extra_port,7,3,fixed_each,142,H3,H3!I29
H|HM|W|MH,inch,light_duty_mill,7,3,fixed,1929,H3,H3!K29
H|HM|W|MH,inch,rod_gland_drain,7,3.5,fixed,558,H3,H3!C30
H|HM|W|MH,inch,air_bleed,7,3.5,fixed_each,238,H3,H3!D30
H|HM|W|MH,inch,prox_switch,7,3.5,fixed_each,823,H3,H3!E30
H|HM|W|MH,inch,brass_wiper,7,3.5,fixed,651,H3,H3!F30
H|HM|W|MH,inch,viton_seals,7,3.5,rod,292,H3,H3!G30
H|HM|W|MH,inch,viton_seals,7,3.5,piston,647,H3,H3!H30
H|HM|W|MH,inch,extra_port,7,3.5,fixed_each,142,H3,H3!I30
H|HM|W|MH,inch,light_duty_mill,7,3.5,fixed,1929,H3,H3!K30
H|HM|W|MH,inch,rod_gland_drain,7,4,fixed,605,H3,H3!C31
H|HM|W|MH,inch,air_bleed,7,4,fixed_each,238,H3,H3!D31
H|HM|W|MH,inch,prox_switch,7,4,fixed_each,823,H3,H3!E31
H|HM|W|MH,inch,brass_wiper,7,4,fixed,716,H3,H3!F31
H|HM|W|MH,inch,viton_seals,7,4,rod,343,H3,H3!G31
H|HM|W|MH,inch,viton_seals,7,4,piston,647,H3,H3!H31
H|HM|W|MH,inch,extra_port,7,4,fixed_each,142,H3,H3!I31
H|HM|W|MH,inch,light_duty_mill,7,4,fixed,1929,H3,H3!K31
H|HM|W|MH,inch,rod_gland_drain,7,4.5,fixed,765,H3,H3!C32
H|HM|W|MH,inch,air_bleed,7,4.5,fixed_each,238,H3,H3!D32
H|HM|W|MH,inch,prox_switch,7,4.5,fixed_each,823,H3,H3!E32
H|HM|W|MH,inch,brass_wiper,7,4.5,fixed,786,H3,H3!F32
H|HM|W|MH,inch,viton_seals,7,4.5,rod,390,H3,H3!G32
H|HM|W|MH,inch,viton_seals,7,4.5,piston,647,H3,H3!H32
H|HM|W|MH,inch,extra_port,7,4.5,fixed_each,142,H3,H3!I32
H|HM|W|MH,inch,light_duty_mill,7,4.5,fixed,1929,H3,H3!K32
H|HM|W|MH,inch,rod_gland_drain,7,5,fixed,882,H3,H3!C33
H|HM|W|MH,inch,air_bleed,7,5,fixed_each,238,H3,H3!D33
H|HM|W|MH,inch,prox_switch,7,5,fixed_each,823,H3,H3!E33
H|HM|W|MH,inch,brass_wiper,7,5,fixed,865,H3,H3!F33
H|HM|W|MH,inch,viton_seals,7,5,rod,445,H3,H3!G33
H|HM|W|MH,inch,viton_seals,7,5,piston,647,H3,H3!H33
H|HM|W|MH,inch,extra_port,7,5,fixed_each,142,H3,H3!I33
H|HM|W|MH,inch,light_duty_mill,7,5,fixed,1929,H3,H3!K33
H|HM|W|MH,inch,rod_gland_drain,8,3.5,fixed,558,H3,H3!C34
H|HM|W|MH,inch,air_bleed,8,3.5,fixed_each,249,H3,H3!D34
H|HM|W|MH,inch,prox_switch,8,3.5,fixed_each,823,H3,H3!E34
H|HM|W|MH,inch,brass_wiper,8,3.5,fixed,651,H3,H3!F34
H|HM|W|MH,inch,viton_seals,8,3.5,rod,292,H3,H3!G34
H|HM|W|MH,inch,viton_seals,8,3.5,piston,863,H3,H3!H34
H|HM|W|MH,inch,extra_port,8,3.5,fixed_each,151,H3,H3!I34
H|HM|W|MH,inch,light_duty_mill,8,3.5,fixed,2518,H3,H3!K34
H|HM|W|MH,inch,rod_gland_drain,8,4,fixed,605,H3,H3!C35
H|HM|W|MH,inch,air_bleed,8,4,fixed_each,249,H3,H3!D35
H|HM|W|MH,inch,prox_switch,8,4,fixed_each,823,H3,H3!E35
H|HM|W|MH,inch,brass_wiper,8,4,fixed,716,H3,H3!F35
H|HM|W|MH,inch,viton_seals,8,4,rod,343,H3,H3!G35
H|HM|W|MH,inch,viton_seals,8,4,piston,863,H3,H3!H35
H|HM|W|MH,inch,extra_port,8,4,fixed_each,151,H3,H3!I35
H|HM|W|MH,inch,light_duty_mill,8,4,fixed,2518,H3,H3!K35
H|HM|W|MH,inch,rod_gland_drain,8,4.5,fixed,765,H3,H3!C36
H|HM|W|MH,inch,air_bleed,8,4.5,fixed_each,249,H3,H3!D36
H|HM|W|MH,inch,prox_switch,8,4.5,fixed_each,823,H3,H3!E36
H|HM|W|MH,inch,brass_wiper,8,4.5,fixed,786,H3,H3!F36
H|HM|W|MH,inch,viton_seals,8,4.5,rod,390,H3,H3!G36
H|HM|W|MH,inch,viton_seals,8,4.5,piston,863,H3,H3!H36
H|HM|W|MH,inch,extra_port,8,4.5,fixed_each,151,H3,H3!I36
H|HM|W|MH,inch,light_duty_mill,8,4.5,fixed,2518,H3,H3!K36
H|HM|W|MH,inch,rod_gland_drain,8,5,fixed,882,H3,H3!C37
H|HM|W|MH,inch,air_bleed,8,5,fixed_each,249,H3,H3!D37
H|HM|W|MH,inch,prox_switch,8,5,fixed_each,823,H3,H3!E37
H|HM|W|MH,inch,brass_wiper,8,5,fixed,865,H3,H3!F37
H|HM|W|MH,inch,viton_seals,8,5,rod,445,H3,H3!G37
H|HM|W|MH,inch,viton_seals,8,5,piston,863,H3,H3!H37
H|HM|W|MH,inch,extra_port,8,5,fixed_each,151,H3,H3!I37
H|HM|W|MH,inch,light_duty_mill,8,5,fixed,2518,H3,H3!K37
H|HM|W|MH,inch,rod_gland_drain,8,5.5,fixed,1017,H3,H3!C38
H|HM|W|MH,inch,air_bleed,8,5.5,fixed_each,249,H3,H3!D38
H|HM|W|MH,inch,prox_switch,8,5.5,fixed_each,823,H3,H3!E38
H|HM|W|MH,inch,brass_wiper,8,5.5,fixed,953,H3,H3!F38
H|HM|W|MH,inch,viton_seals,8,5.5,rod,472,H3,H3!G38
H|HM|W|MH,inch,viton_seals,8,5.5,piston,863,H3,H3!H38
H|HM|W|MH,inch,extra_port,8,5.5,fixed_each,151,H3,H3!I38
H|HM|W|MH,inch,light_duty_mill,8,5.5,fixed,2518,H3,H3!K38
H|HM|W|MH,inch,rod_gland_drain,10,4.5,fixed,765,H3,H3!C39
H|HM|W|MH,inch,air_bleed,10,4.5,fixed_each,306,H3,H3!D39
H|HM|W|MH,inch,prox_switch,10,4.5,fixed_each,1048,H3,H3!E39
H|HM|W|MH,inch,brass_wiper,10,4.5,fixed,786,H3,H3!F39
H|HM|W|MH,inch,viton_seals,10,4.5,rod,390,H3,H3!G39
H|HM|W|MH,inch,viton_seals,10,4.5,piston,1042,H3,H3!H39
H|HM|W|MH,inch,extra_port,10,4.5,fixed_each,173,H3,H3!I39
H|HM|W|MH,inch,light_duty_mill,10,4.5,fixed,3272,H3,H3!K39
H|HM|W|MH,inch,rod_gland_drain,10,5,fixed,882,H3,H3!C40
H|HM|W|MH,inch,air_bleed,10,5,fixed_each,306,H3,H3!D40
H|HM|W|MH,inch,prox_switch,10,5,fixed_each,1071,H3,H3!E40
H|HM|W|MH,inch,brass_wiper,10,5,fixed,865,H3,H3!F40
H|HM|W|MH,inch,viton_seals,10,5,rod,445,H3,H3!G40
H|HM|W|MH,inch,viton_seals,10,5,piston,1042,H3,H3!H40
H|HM|W|MH,inch,extra_port,10,5,fixed_each,173,H3,H3!I40
H|HM|W|MH,inch,light_duty_mill,10,5,fixed,3272,H3,H3!K40
H|HM|W|MH,inch,rod_gland_drain,10,5.5,fixed,1017,H3,H3!C41
H|HM|W|MH,inch,air_bleed,10,5.5,fixed_each,306,H3,H3!D41
H|HM|W|MH,inch,prox_switch,10,5.5,fixed_each,1092,H3,H3!E41
H|HM|W|MH,inch,brass_wiper,10,5.5,fixed,953,H3,H3!F41
H|HM|W|MH,inch,viton_seals,10,5.5,rod,472,H3,H3!G41
H|HM|W|MH,inch,viton_seals,10,5.5,piston,1042,H3,H3!H41
H|HM|W|MH,inch,extra_port,10,5.5,fixed_each,173,H3,H3!I41
H|HM|W|MH,inch,light_duty_mill,10,5.5,fixed,3272,H3,H3!K41
H|HM|W|MH,inch,rod_gland_drain,10,7,fixed,1176,H3,H3!C42
H|HM|W|MH,inch,air_bleed,10,7,fixed_each,306,H3,H3!D42
H|HM|W|MH,inch,prox_switch,10,7,fixed_each,1115,H3,H3!E42
H|HM|W|MH,inch,brass_wiper,10,7,fixed,2218,H3,H3!F42
H|HM|W|MH,inch,viton_seals,10,7,rod,535,H3,H3!G42
H|HM|W|MH,inch,viton_seals,10,7,piston,1042,H3,H3!H42
H|HM|W|MH,inch,extra_port,10,7,fixed_each,173,H3,H3!I42
H|HM|W|MH,inch,light_duty_mill,10,7,fixed,3272,H3,H3!K42
H|HM|W|MH,inch,rod_gland_drain,12,5.5,fixed,1017,H3,H3!C43
H|HM|W|MH,inch,air_bleed,12,5.5,fixed_each,377,H3,H3!D43
H|HM|W|MH,inch,prox_switch,12,5.5,fixed_each,1448,H3,H3!E43
H|HM|W|MH,inch,brass_wiper,12,5.5,fixed,953,H3,H3!F43
H|HM|W|MH,inch,viton_seals,12,5.5,rod,472,H3,H3!G43
H|HM|W|MH,inch,viton_seals,12,5.5,piston,1335,H3,H3!H43
H|HM|W|MH,inch,extra_port,12,5.5,fixed_each,189,H3,H3!I43
H|HM|W|MH,inch,light_duty_mill,12,5.5,fixed,4253,H3,H3!K43
H|HM|W|MH,inch,rod_gland_drain,12,7,fixed,1176,H3,H3!C44
H|HM|W|MH,inch,air_bleed,12,7,fixed_each,377,H3,H3!D44
H|HM|W|MH,inch,prox_switch,12,7,fixed_each,1475,H3,H3!E44
H|HM|W|MH,inch,brass_wiper,12,7,fixed,2218,H3,H3!F44
H|HM|W|MH,inch,viton_seals,12,7,rod,535,H3,H3!G44
H|HM|W|MH,inch,viton_seals,12,7,piston,1335,H3,H3!H44
H|HM|W|MH,inch,extra_port,12,7,fixed_each,189,H3,H3!I44
H|HM|W|MH,inch,light_duty_mill,12,7,fixed,4253,H3,H3!K44
H|HM|W|MH,inch,rod_gland_drain,12,8,fixed,1411,H3,H3!C45
H|HM|W|MH,inch,air_bleed,12,8,fixed_each,377,H3,H3!D45
H|HM|W|MH,inch,prox_switch,12,8,fixed_each,1505,H3,H3!E45
H|HM|W|MH,inch,brass_wiper,12,8,fixed,2771,H3,H3!F45
H|HM|W|MH,inch,viton_seals,12,8,rod,684,H3,H3!G45
H|HM|W|MH,inch,viton_seals,12,8,piston,1335,H3,H3!H45
H|HM|W|MH,inch,extra_port,12,8,fixed_each,189,H3,H3!I45
H|HM|W|MH,inch,light_duty_mill,12,8,fixed,4253,H3,H3!K45
H|HM|W|MH,inch,rod_gland_drain,14,8,fixed,1411,H3,H3!C46
H|HM|W|MH,inch,air_bleed,14,8,fixed_each,460,H3,H3!D46
H|HM|W|MH,inch,prox_switch,14,8,fixed_each,1956,H3,H3!E46
H|HM|W|MH,inch,brass_wiper,14,8,fixed,2688,H3,H3!F46
H|HM|W|MH,inch,viton_seals,14,8,rod,684,H3,H3!G46
H|HM|W|MH,inch,viton_seals,14,8,piston,1519,H3,H3!H46
H|HM|W|MH,inch,extra_port,14,8,fixed_each,319,H3,H3!I46
H|HM|W|MH,inch,light_duty_mill,14,8,fixed,5527,H3,H3!K46
H|HM|W|MH,inch,rod_gland_drain,14,10,fixed,1733,H3,H3!C47
H|HM|W|MH,inch,air_bleed,14,10,fixed_each,460,H3,H3!D47
H|HM|W|MH,inch,prox_switch,14,10,fixed_each,1993,H3,H3!E47
H|HM|W|MH,inch,brass_wiper,14,10,fixed,4154,H3,H3!F47
H|HM|W|MH,inch,viton_seals,14,10,rod,897,H3,H3!G47
H|HM|W|MH,inch,viton_seals,14,10,piston,1519,H3,H3!H47
H|HM|W|MH,inch,extra_port,14,10,fixed_each,319,H3,H3!I47
H|HM|W|MH,inch,light_duty_mill,14,10,fixed,5527,H3,H3!K47
H|HM|W|MH,inch,rod_gland_drain,16,8,fixed,1411,H3,H3!C48
H|HM|W|MH,inch,air_bleed,16,8,fixed_each,566,H3,H3!D48
H|HM|W|MH,inch,prox_switch,16,8,fixed_each,2591,H3,H3!E48
H|HM|W|MH,inch,brass_wiper,16,8,fixed,2771,H3,H3!F48
H|HM|W|MH,inch,viton_seals,16,8,rod,684,H3,H3!G48
H|HM|W|MH,inch,viton_seals,16,8,piston,2067,H3,H3!H48
H|HM|W|MH,inch,extra_port,16,8,fixed_each,353,H3,H3!I48
H|HM|W|MH,inch,light_duty_mill,16,8,fixed,7185,H3,H3!K48
H|HM|W|MH,inch,rod_gland_drain,16,10,fixed,1733,H3,H3!C49
H|HM|W|MH,inch,air_bleed,16,10,fixed_each,566,H3,H3!D49
H|HM|W|MH,inch,prox_switch,16,10,fixed_each,2642,H3,H3!E49
H|HM|W|MH,inch,brass_wiper,16,10,fixed,4154,H3,H3!F49
H|HM|W|MH,inch,viton_seals,16,10,rod,897,H3,H3!G49
H|HM|W|MH,inch,viton_seals,16,10,piston,2067,H3,H3!H49
H|HM|W|MH,inch,extra_port,16,10,fixed_each,353,H3,H3!I49
H|HM|W|MH,inch,light_duty_mill,16,10,fixed,7185,H3,H3!K49
H|HM|W|MH,inch,rod_gland_drain,18,8,fixed,1411,H3,H3!C50
H|HM|W|MH,inch,air_bleed,18,8,fixed_each,698,H3,H3!D50
H|HM|W|MH,inch,prox_switch,18,8,fixed_each,3433,H3,H3!E50
H|HM|W|MH,inch,brass_wiper,18,8,fixed,2771,H3,H3!F50
H|HM|W|MH,inch,viton_seals,18,8,rod,684,H3,H3!G50
H|HM|W|MH,inch,viton_seals,18,8,piston,2796,H3,H3!H50
H|HM|W|MH,inch,extra_port,18,8,fixed_each,457,H3,H3!I50
H|HM|W|MH,inch,light_duty_mill,18,8,fixed,9339,H3,H3!K50
H|HM|W|MH,inch,rod_gland_drain,18,10,fixed,1733,H3,H3!C51
H|HM|W|MH,inch,air_bleed,18,10,fixed_each,698,H3,H3!D51
H|HM|W|MH,inch,prox_switch,18,10,fixed_each,3501,H3,H3!E51
H|HM|W|MH,inch,brass_wiper,18,10,fixed,4154,H3,H3!F51
H|HM|W|MH,inch,viton_seals,18,10,rod,897,H3,H3!G51
H|HM|W|MH,inch,viton_seals,18,10,piston,2796,H3,H3!H51
H|HM|W|MH,inch,extra_port,18,10,fixed_each,457,H3,H3!I51
H|HM|W|MH,inch,light_duty_mill,18,10,fixed,9339,H3,H3!K51
H|HM|W|MH,inch,rod_gland_drain,20,10,fixed,1733,H3,H3!C52
H|HM|W|MH,inch,air_bleed,20,10,fixed_each,853,H3,H3!D52
H|HM|W|MH,inch,prox_switch,20,10,fixed_each,4549,H3,H3!E52
H|HM|W|MH,inch,brass_wiper,20,10,fixed,4154,H3,H3!F52
H|HM|W|MH,inch,viton_seals,20,10,rod,897,H3,H3!G52
H|HM|W|MH,inch,viton_seals,20,10,piston,3669,H3,H3!H52
H|HM|W|MH,inch,extra_port,20,10,fixed_each,590,H3,H3!I52
H|HM|W|MH,inch,light_duty_mill,20,10,fixed,12137,H3,H3!K52
H|HM|W|MH,inch,flange_port,1.5,0.625,fixed_each,223,H4,H4!C8
H|HM|W|MH,inch,extra_tie_rod,1.5,0.625,per_length,11,H4,H4!D8
H|HM|W|MH,inch,cipr,1.5,0.625,fixed,38,H4,H4!E8
H|HM|W|MH,inch,ultraox,1.5,0.625,base,819,H4,H4!F8
H|HM|W|MH,inch,ultraox,1.5,0.625,per_stroke,17,H4,H4!G8
H|HM|W|MH,inch,buna_highload_seals,1.5,0.625,buna,23,H4,H4!H8
H|HM|W|MH,inch,buna_highload_seals,1.5,0.625,high_load,37,H4,H4!I8
H|HM|W|MH,inch,thick_head,1.5,0.625,fixed_each,943,H4,H4!J8
H|HM|W|MH,inch,flange_port,1.5,1,fixed_each,223,H4,H4!C9
H|HM|W|MH,inch,extra_tie_rod,1.5,1,per_length,11,H4,H4!D9
H|HM|W|MH,inch,cipr,1.5,1,fixed,38,H4,H4!E9
H|HM|W|MH,inch,ultraox,1.5,1,base,819,H4,H4!F9
H|HM|W|MH,inch,ultraox,1.5,1,per_stroke,17,H4,H4!G9
H|HM|W|MH,inch,buna_highload_seals,1.5,1,buna,26,H4,H4!H9
H|HM|W|MH,inch,buna_highload_seals,1.5,1,high_load,37,H4,H4!I9
H|HM|W|MH,inch,thick_head,1.5,1,fixed_each,943,H4,H4!J9
H|HM|W|MH,inch,flange_port,2,1,fixed_each,229,H4,H4!C10
H|HM|W|MH,inch,extra_tie_rod,2,1,per_length,12,H4,H4!D10
H|HM|W|MH,inch,cipr,2,1,fixed,49,H4,H4!E10
H|HM|W|MH,inch,ultraox,2,1,base,819,H4,H4!F10
H|HM|W|MH,inch,ultraox,2,1,per_stroke,17,H4,H4!G10
H|HM|W|MH,inch,buna_highload_seals,2,1,buna,26,H4,H4!H10
H|HM|W|MH,inch,buna_highload_seals,2,1,high_load,44,H4,H4!I10
H|HM|W|MH,inch,thick_head,2,1,fixed_each,992,H4,H4!J10
H|HM|W|MH,inch,flange_port,2,1.375,fixed_each,229,H4,H4!C11
H|HM|W|MH,inch,extra_tie_rod,2,1.375,per_length,12,H4,H4!D11
H|HM|W|MH,inch,cipr,2,1.375,fixed,49,H4,H4!E11
H|HM|W|MH,inch,ultraox,2,1.375,base,819,H4,H4!F11
H|HM|W|MH,inch,ultraox,2,1.375,per_stroke,17,H4,H4!G11
H|HM|W|MH,inch,buna_highload_seals,2,1.375,buna,32,H4,H4!H11
H|HM|W|MH,inch,buna_highload_seals,2,1.375,high_load,44,H4,H4!I11
H|HM|W|MH,inch,thick_head,2,1.375,fixed_each,992,H4,H4!J11
H|HM|W|MH,inch,flange_port,2.5,1,fixed_each,229,H4,H4!C12
H|HM|W|MH,inch,extra_tie_rod,2.5,1,per_length,12,H4,H4!D12
H|HM|W|MH,inch,cipr,2.5,1,fixed,56,H4,H4!E12
H|HM|W|MH,inch,ultraox,2.5,1,base,855,H4,H4!F12
H|HM|W|MH,inch,ultraox,2.5,1,per_stroke,19,H4,H4!G12
H|HM|W|MH,inch,buna_highload_seals,2.5,1,buna,26,H4,H4!H12
H|HM|W|MH,inch,buna_highload_seals,2.5,1,high_load,48,H4,H4!I12
H|HM|W|MH,inch,thick_head,2.5,1,fixed_each,1048,H4,H4!J12
H|HM|W|MH,inch,flange_port,2.5,1.375,fixed_each,229,H4,H4!C13
H|HM|W|MH,inch,extra_tie_rod,2.5,1.375,per_length,12,H4,H4!D13
H|HM|W|MH,inch,cipr,2.5,1.375,fixed,56,H4,H4!E13
H|HM|W|MH,inch,ultraox,2.5,1.375,base,855,H4,H4!F13
H|HM|W|MH,inch,ultraox,2.5,1.375,per_stroke,19,H4,H4!G13
H|HM|W|MH,inch,buna_highload_seals,2.5,1.375,buna,32,H4,H4!H13
H|HM|W|MH,inch,buna_highload_seals,2.5,1.375,high_load,48,H4,H4!I13
H|HM|W|MH,inch,thick_head,2.5,1.375,fixed_each,1048,H4,H4!J13
H|HM|W|MH,inch,flange_port,2.5,1.75,fixed_each,229,H4,H4!C14
H|HM|W|MH,inch,extra_tie_rod,2.5,1.75,per_length,12,H4,H4!D14
H|HM|W|MH,inch,cipr,2.5,1.75,fixed,56,H4,H4!E14
H|HM|W|MH,inch,ultraox,2.5,1.75,base,855,H4,H4!F14
H|HM|W|MH,inch,ultraox,2.5,1.75,per_stroke,19,H4,H4!G14
H|HM|W|MH,inch,buna_highload_seals,2.5,1.75,buna,38,H4,H4!H14
H|HM|W|MH,inch,buna_highload_seals,2.5,1.75,high_load,48,H4,H4!I14
H|HM|W|MH,inch,thick_head,2.5,1.75,fixed_each,1048,H4,H4!J14
H|HM|W|MH,inch,flange_port,3.25,1.375,fixed_each,229,H4,H4!C15
H|HM|W|MH,inch,extra_tie_rod,3.25,1.375,per_length,12,H4,H4!D15
H|HM|W|MH,inch,cipr,3.25,1.375,fixed,73,H4,H4!E15
H|HM|W|MH,inch,ultraox,3.25,1.375,base,855,H4,H4!F15
H|HM|W|MH,inch,ultraox,3.25,1.375,per_stroke,19,H4,H4!G15
H|HM|W|MH,inch,buna_highload_seals,3.25,1.375,buna,32,H4,H4!H15
H|HM|W|MH,inch,buna_highload_seals,3.25,1.375,high_load,67,H4,H4!I15
H|HM|W|MH,inch,thick_head,3.25,1.375,fixed_each,1106,H4,H4!J15
H|HM|W|MH,inch,flange_port,3.25,1.75,fixed_each,229,H4,H4!C16
H|HM|W|MH,inch,extra_tie_rod,3.25,1.75,per_length,12,H4,H4!D16
H|HM|W|MH,inch,cipr,3.25,1.75,fixed,73,H4,H4!E16
H|HM|W|MH,inch,ultraox,3.25,1.75,base,855,H4,H4!F16
H|HM|W|MH,inch,ultraox,3.25,1.75,per_stroke,19,H4,H4!G16
H|HM|W|MH,inch,buna_highload_seals,3.25,1.75,buna,38,H4,H4!H16
H|HM|W|MH,inch,buna_highload_seals,3.25,1.75,high_load,67,H4,H4!I16
H|HM|W|MH,inch,thick_head,3.25,1.75,fixed_each,1106,H4,H4!J16
H|HM|W|MH,inch,flange_port,3.25,2,fixed_each,229,H4,H4!C17
H|HM|W|MH,inch,extra_tie_rod,3.25,2,per_length,12,H4,H4!D17
H|HM|W|MH,inch,cipr,3.25,2,fixed,73,H4,H4!E17
H|HM|W|MH,inch,ultraox,3.25,2,base,855,H4,H4!F17
H|HM|W|MH,inch,ultraox,3.25,2,per_stroke,19,H4,H4!G17
H|HM|W|MH,inch,buna_highload_seals,3.25,2,buna,44,H4,H4!H17
H|HM|W|MH,inch,buna_highload_seals,3.25,2,high_load,67,H4,H4!I17
H|HM|W|MH,inch,thick_head,3.25,2,fixed_each,1106,H4,H4!J17
H|HM|W|MH,inch,flange_port,4,1.75,fixed_each,229,H4,H4!C18
H|HM|W|MH,inch,extra_tie_rod,4,1.75,per_length,12,H4,H4!D18
H|HM|W|MH,inch,cipr,4,1.75,fixed,92,H4,H4!E18
H|HM|W|MH,inch,ultraox,4,1.75,base,1296,H4,H4!F18
H|HM|W|MH,inch,ultraox,4,1.75,per_stroke,23,H4,H4!G18
H|HM|W|MH,inch,buna_highload_seals,4,1.75,buna,38,H4,H4!H18
H|HM|W|MH,inch,buna_highload_seals,4,1.75,high_load,78,H4,H4!I18
H|HM|W|MH,inch,thick_head,4,1.75,fixed_each,1215,H4,H4!J18
H|HM|W|MH,inch,flange_port,4,2,fixed_each,229,H4,H4!C19
H|HM|W|MH,inch,extra_tie_rod,4,2,per_length,12,H4,H4!D19
H|HM|W|MH,inch,cipr,4,2,fixed,92,H4,H4!E19
H|HM|W|MH,inch,ultraox,4,2,base,1296,H4,H4!F19
H|HM|W|MH,inch,ultraox,4,2,per_stroke,23,H4,H4!G19
H|HM|W|MH,inch,buna_highload_seals,4,2,buna,44,H4,H4!H19
H|HM|W|MH,inch,buna_highload_seals,4,2,high_load,78,H4,H4!I19
H|HM|W|MH,inch,thick_head,4,2,fixed_each,1215,H4,H4!J19
H|HM|W|MH,inch,flange_port,4,2.5,fixed_each,229,H4,H4!C20
H|HM|W|MH,inch,extra_tie_rod,4,2.5,per_length,12,H4,H4!D20
H|HM|W|MH,inch,cipr,4,2.5,fixed,92,H4,H4!E20
H|HM|W|MH,inch,ultraox,4,2.5,base,1296,H4,H4!F20
H|HM|W|MH,inch,ultraox,4,2.5,per_stroke,23,H4,H4!G20
H|HM|W|MH,inch,buna_highload_seals,4,2.5,buna,51,H4,H4!H20
H|HM|W|MH,inch,buna_highload_seals,4,2.5,high_load,78,H4,H4!I20
H|HM|W|MH,inch,thick_head,4,2.5,fixed_each,1215,H4,H4!J20
H|HM|W|MH,inch,flange_port,5,2,fixed_each,229,H4,H4!C21
H|HM|W|MH,inch,extra_tie_rod,5,2,per_length,13,H4,H4!D21
H|HM|W|MH,inch,cipr,5,2,fixed,110,H4,H4!E21
H|HM|W|MH,inch,ultraox,5,2,base,1350,H4,H4!F21
H|HM|W|MH,inch,ultraox,5,2,per_stroke,23,H4,H4!G21
H|HM|W|MH,inch,buna_highload_seals,5,2,buna,44,H4,H4!H21
H|HM|W|MH,inch,buna_highload_seals,5,2,high_load,101,H4,H4!I21
H|HM|W|MH,inch,thick_head,5,2,fixed_each,1258,H4,H4!J21
H|HM|W|MH,inch,flange_port,5,2.5,fixed_each,229,H4,H4!C22
H|HM|W|MH,inch,extra_tie_rod,5,2.5,per_length,13,H4,H4!D22
H|HM|W|MH,inch,cipr,5,2.5,fixed,110,H4,H4!E22
H|HM|W|MH,inch,ultraox,5,2.5,base,1350,H4,H4!F22
H|HM|W|MH,inch,ultraox,5,2.5,per_stroke,23,H4,H4!G22
H|HM|W|MH,inch,buna_highload_seals,5,2.5,buna,51,H4,H4!H22
H|HM|W|MH,inch,buna_highload_seals,5,2.5,high_load,101,H4,H4!I22
H|HM|W|MH,inch,thick_head,5,2.5,fixed_each,1258,H4,H4!J22
H|HM|W|MH,inch,flange_port,5,3,fixed_each,229,H4,H4!C23
H|HM|W|MH,inch,extra_tie_rod,5,3,per_length,13,H4,H4!D23
H|HM|W|MH,inch,cipr,5,3,fixed,110,H4,H4!E23
H|HM|W|MH,inch,ultraox,5,3,base,1350,H4,H4!F23
H|HM|W|MH,inch,ultraox,5,3,per_stroke,23,H4,H4!G23
H|HM|W|MH,inch,buna_highload_seals,5,3,buna,66,H4,H4!H23
H|HM|W|MH,inch,buna_highload_seals,5,3,high_load,101,H4,H4!I23
H|HM|W|MH,inch,thick_head,5,3,fixed_each,1258,H4,H4!J23
H|HM|W|MH,inch,flange_port,5,3.5,fixed_each,229,H4,H4!C24
H|HM|W|MH,inch,extra_tie_rod,5,3.5,per_length,13,H4,H4!D24
H|HM|W|MH,inch,cipr,5,3.5,fixed,110,H4,H4!E24
H|HM|W|MH,inch,ultraox,5,3.5,base,1350,H4,H4!F24
H|HM|W|MH,inch,ultraox,5,3.5,per_stroke,23,H4,H4!G24
H|HM|W|MH,inch,buna_highload_seals,5,3.5,buna,78,H4,H4!H24
H|HM|W|MH,inch,buna_highload_seals,5,3.5,high_load,101,H4,H4!I24
H|HM|W|MH,inch,thick_head,5,3.5,fixed_each,1258,H4,H4!J24
H|HM|W|MH,inch,flange_port,6,2.5,fixed_each,248,H4,H4!C25
H|HM|W|MH,inch,extra_tie_rod,6,2.5,per_length,18,H4,H4!D25
H|HM|W|MH,inch,cipr,6,2.5,fixed,123,H4,H4!E25
H|HM|W|MH,inch,ultraox,6,2.5,base,2718,H4,H4!F25
H|HM|W|MH,inch,ultraox,6,2.5,per_stroke,26,H4,H4!G25
H|HM|W|MH,inch,buna_highload_seals,6,2.5,buna,51,H4,H4!H25
H|HM|W|MH,inch,buna_highload_seals,6,2.5,high_load,120,H4,H4!I25
H|HM|W|MH,inch,thick_head,6,2.5,fixed_each,1300,H4,H4!J25
H|HM|W|MH,inch,flange_port,6,3,fixed_each,248,H4,H4!C26
H|HM|W|MH,inch,extra_tie_rod,6,3,per_length,18,H4,H4!D26
H|HM|W|MH,inch,cipr,6,3,fixed,123,H4,H4!E26
H|HM|W|MH,inch,ultraox,6,3,base,2718,H4,H4!F26
H|HM|W|MH,inch,ultraox,6,3,per_stroke,26,H4,H4!G26
H|HM|W|MH,inch,buna_highload_seals,6,3,buna,66,H4,H4!H26
H|HM|W|MH,inch,buna_highload_seals,6,3,high_load,120,H4,H4!I26
H|HM|W|MH,inch,thick_head,6,3,fixed_each,1300,H4,H4!J26
H|HM|W|MH,inch,flange_port,6,3.5,fixed_each,248,H4,H4!C27
H|HM|W|MH,inch,extra_tie_rod,6,3.5,per_length,18,H4,H4!D27
H|HM|W|MH,inch,cipr,6,3.5,fixed,123,H4,H4!E27
H|HM|W|MH,inch,ultraox,6,3.5,base,2718,H4,H4!F27
H|HM|W|MH,inch,ultraox,6,3.5,per_stroke,26,H4,H4!G27
H|HM|W|MH,inch,buna_highload_seals,6,3.5,buna,78,H4,H4!H27
H|HM|W|MH,inch,buna_highload_seals,6,3.5,high_load,120,H4,H4!I27
H|HM|W|MH,inch,thick_head,6,3.5,fixed_each,1300,H4,H4!J27
H|HM|W|MH,inch,flange_port,6,4,fixed_each,248,H4,H4!C28
H|HM|W|MH,inch,extra_tie_rod,6,4,per_length,18,H4,H4!D28
H|HM|W|MH,inch,cipr,6,4,fixed,123,H4,H4!E28
H|HM|W|MH,inch,ultraox,6,4,base,2718,H4,H4!F28
H|HM|W|MH,inch,ultraox,6,4,per_stroke,26,H4,H4!G28
H|HM|W|MH,inch,buna_highload_seals,6,4,buna,84,H4,H4!H28
H|HM|W|MH,inch,buna_highload_seals,6,4,high_load,120,H4,H4!I28
H|HM|W|MH,inch,thick_head,6,4,fixed_each,1300,H4,H4!J28
H|HM|W|MH,inch,flange_port,7,3,fixed_each,284,H4,H4!C29
H|HM|W|MH,inch,extra_tie_rod,7,3,per_length,19,H4,H4!D29
H|HM|W|MH,inch,cipr,7,3,fixed,141,H4,H4!E29
H|HM|W|MH,inch,ultraox,7,3,base,3321,H4,H4!F29
H|HM|W|MH,inch,ultraox,7,3,per_stroke,32,H4,H4!G29
H|HM|W|MH,inch,buna_highload_seals,7,3,buna,66,H4,H4!H29
H|HM|W|MH,inch,buna_highload_seals,7,3,high_load,243,H4,H4!I29
H|HM|W|MH,inch,thick_head,7,3,fixed_each,1487,H4,H4!J29
H|HM|W|MH,inch,flange_port,7,3.5,fixed_each,284,H4,H4!C30
H|HM|W|MH,inch,extra_tie_rod,7,3.5,per_length,19,H4,H4!D30
H|HM|W|MH,inch,cipr,7,3.5,fixed,141,H4,H4!E30
H|HM|W|MH,inch,ultraox,7,3.5,base,3321,H4,H4!F30
H|HM|W|MH,inch,ultraox,7,3.5,per_stroke,32,H4,H4!G30
H|HM|W|MH,inch,buna_highload_seals,7,3.5,buna,78,H4,H4!H30
H|HM|W|MH,inch,buna_highload_seals,7,3.5,high_load,243,H4,H4!I30
H|HM|W|MH,inch,thick_head,7,3.5,fixed_each,1487,H4,H4!J30
H|HM|W|MH,inch,flange_port,7,4,fixed_each,284,H4,H4!C31
H|HM|W|MH,inch,extra_tie_rod,7,4,per_length,19,H4,H4!D31
H|HM|W|MH,inch,cipr,7,4,fixed,141,H4,H4!E31
H|HM|W|MH,inch,ultraox,7,4,base,3321,H4,H4!F31
H|HM|W|MH,inch,ultraox,7,4,per_stroke,32,H4,H4!G31
H|HM|W|MH,inch,buna_highload_seals,7,4,buna,84,H4,H4!H31
H|HM|W|MH,inch,buna_highload_seals,7,4,high_load,243,H4,H4!I31
H|HM|W|MH,inch,thick_head,7,4,fixed_each,1487,H4,H4!J31
H|HM|W|MH,inch,flange_port,7,4.5,fixed_each,284,H4,H4!C32
H|HM|W|MH,inch,extra_tie_rod,7,4.5,per_length,19,H4,H4!D32
H|HM|W|MH,inch,cipr,7,4.5,fixed,141,H4,H4!E32
H|HM|W|MH,inch,ultraox,7,4.5,base,3321,H4,H4!F32
H|HM|W|MH,inch,ultraox,7,4.5,per_stroke,32,H4,H4!G32
H|HM|W|MH,inch,buna_highload_seals,7,4.5,buna,91,H4,H4!H32
H|HM|W|MH,inch,buna_highload_seals,7,4.5,high_load,243,H4,H4!I32
H|HM|W|MH,inch,thick_head,7,4.5,fixed_each,1487,H4,H4!J32
H|HM|W|MH,inch,flange_port,7,5,fixed_each,284,H4,H4!C33
H|HM|W|MH,inch,extra_tie_rod,7,5,per_length,19,H4,H4!D33
H|HM|W|MH,inch,cipr,7,5,fixed,141,H4,H4!E33
H|HM|W|MH,inch,ultraox,7,5,base,3321,H4,H4!F33
H|HM|W|MH,inch,ultraox,7,5,per_stroke,32,H4,H4!G33
H|HM|W|MH,inch,buna_highload_seals,7,5,buna,132,H4,H4!H33
H|HM|W|MH,inch,buna_highload_seals,7,5,high_load,243,H4,H4!I33
H|HM|W|MH,inch,thick_head,7,5,fixed_each,1487,H4,H4!J33
H|HM|W|MH,inch,flange_port,8,3.5,fixed_each,296,H4,H4!C34
H|HM|W|MH,inch,extra_tie_rod,8,3.5,per_length,23,H4,H4!D34
H|HM|W|MH,inch,cipr,8,3.5,fixed,176,H4,H4!E34
H|HM|W|MH,inch,ultraox,8,3.5,base,4995,H4,H4!F34
H|HM|W|MH,inch,ultraox,8,3.5,per_stroke,48,H4,H4!G34
H|HM|W|MH,inch,buna_highload_seals,8,3.5,buna,78,H4,H4!H34
H|HM|W|MH,inch,buna_highload_seals,8,3.5,high_load,277,H4,H4!I34
H|HM|W|MH,inch,thick_head,8,3.5,fixed_each,1641,H4,H4!J34
H|HM|W|MH,inch,flange_port,8,4,fixed_each,296,H4,H4!C35
H|HM|W|MH,inch,extra_tie_rod,8,4,per_length,23,H4,H4!D35
H|HM|W|MH,inch,cipr,8,4,fixed,176,H4,H4!E35
H|HM|W|MH,inch,ultraox,8,4,base,4995,H4,H4!F35
H|HM|W|MH,inch,ultraox,8,4,per_stroke,48,H4,H4!G35
H|HM|W|MH,inch,buna_highload_seals,8,4,buna,84,H4,H4!H35
H|HM|W|MH,inch,buna_highload_seals,8,4,high_load,277,H4,H4!I35
H|HM|W|MH,inch,thick_head,8,4,fixed_each,1641,H4,H4!J35
H|HM|W|MH,inch,flange_port,8,4.5,fixed_each,296,H4,H4!C36
H|HM|W|MH,inch,extra_tie_rod,8,4.5,per_length,23,H4,H4!D36
H|HM|W|MH,inch,cipr,8,4.5,fixed,176,H4,H4!E36
H|HM|W|MH,inch,ultraox,8,4.5,base,4995,H4,H4!F36
H|HM|W|MH,inch,ultraox,8,4.5,per_stroke,48,H4,H4!G36
H|HM|W|MH,inch,buna_highload_seals,8,4.5,buna,91,H4,H4!H36
H|HM|W|MH,inch,buna_highload_seals,8,4.5,high_load,277,H4,H4!I36
H|HM|W|MH,inch,thick_head,8,4.5,fixed_each,1641,H4,H4!J36
H|HM|W|MH,inch,flange_port,8,5,fixed_each,296,H4,H4!C37
H|HM|W|MH,inch,extra_tie_rod,8,5,per_length,23,H4,H4!D37
H|HM|W|MH,inch,cipr,8,5,fixed,176,H4,H4!E37
H|HM|W|MH,inch,ultraox,8,5,base,4995,H4,H4!F37
H|HM|W|MH,inch,ultraox,8,5,per_stroke,48,H4,H4!G37
H|HM|W|MH,inch,buna_highload_seals,8,5,buna,132,H4,H4!H37
H|HM|W|MH,inch,buna_highload_seals,8,5,high_load,277,H4,H4!I37
H|HM|W|MH,inch,thick_head,8,5,fixed_each,1641,H4,H4!J37
H|HM|W|MH,inch,flange_port,8,5.5,fixed_each,296,H4,H4!C38
H|HM|W|MH,inch,extra_tie_rod,8,5.5,per_length,23,H4,H4!D38
H|HM|W|MH,inch,cipr,8,5.5,fixed,176,H4,H4!E38
H|HM|W|MH,inch,ultraox,8,5.5,base,4995,H4,H4!F38
H|HM|W|MH,inch,ultraox,8,5.5,per_stroke,48,H4,H4!G38
H|HM|W|MH,inch,buna_highload_seals,8,5.5,buna,145,H4,H4!H38
H|HM|W|MH,inch,buna_highload_seals,8,5.5,high_load,277,H4,H4!I38
H|HM|W|MH,inch,thick_head,8,5.5,fixed_each,1641,H4,H4!J38
H|HM|W|MH,inch,flange_port,10,4.5,fixed_each,322,H4,H4!C39
H|HM|W|MH,inch,extra_tie_rod,10,4.5,per_length,26,H4,H4!D39
H|HM|W|MH,inch,cipr,10,4.5,fixed,208,H4,H4!E39
H|HM|W|MH,inch,ultraox,10,4.5,base,6039,H4,H4!F39
H|HM|W|MH,inch,ultraox,10,4.5,per_stroke,54,H4,H4!G39
H|HM|W|MH,inch,buna_highload_seals,10,4.5,buna,91,H4,H4!H39
H|HM|W|MH,inch,buna_highload_seals,10,4.5,high_load,370,H4,H4!I39
H|HM|W|MH,inch,thick_head,10,4.5,fixed_each,2025,H4,H4!J39
H|HM|W|MH,inch,flange_port,10,5,fixed_each,322,H4,H4!C40
H|HM|W|MH,inch,extra_tie_rod,10,5,per_length,26,H4,H4!D40
H|HM|W|MH,inch,cipr,10,5,fixed,208,H4,H4!E40
H|HM|W|MH,inch,ultraox,10,5,base,6039,H4,H4!F40
H|HM|W|MH,inch,ultraox,10,5,per_stroke,54,H4,H4!G40
H|HM|W|MH,inch,buna_highload_seals,10,5,buna,132,H4,H4!H40
H|HM|W|MH,inch,buna_highload_seals,10,5,high_load,370,H4,H4!I40
H|HM|W|MH,inch,thick_head,10,5,fixed_each,2025,H4,H4!J40
H|HM|W|MH,inch,flange_port,10,5.5,fixed_each,322,H4,H4!C41
H|HM|W|MH,inch,extra_tie_rod,10,5.5,per_length,26,H4,H4!D41
H|HM|W|MH,inch,cipr,10,5.5,fixed,208,H4,H4!E41
H|HM|W|MH,inch,ultraox,10,5.5,base,6039,H4,H4!F41
H|HM|W|MH,inch,ultraox,10,5.5,per_stroke,54,H4,H4!G41
H|HM|W|MH,inch,buna_highload_seals,10,5.5,buna,145,H4,H4!H41
H|HM|W|MH,inch,buna_highload_seals,10,5.5,high_load,370,H4,H4!I41
H|HM|W|MH,inch,thick_head,10,5.5,fixed_each,2025,H4,H4!J41
H|HM|W|MH,inch,flange_port,10,7,fixed_each,322,H4,H4!C42
H|HM|W|MH,inch,extra_tie_rod,10,7,per_length,26,H4,H4!D42
H|HM|W|MH,inch,cipr,10,7,fixed,208,H4,H4!E42
H|HM|W|MH,inch,ultraox,10,7,base,6039,H4,H4!F42
H|HM|W|MH,inch,ultraox,10,7,per_stroke,54,H4,H4!G42
H|HM|W|MH,inch,buna_highload_seals,10,7,buna,188,H4,H4!H42
H|HM|W|MH,inch,buna_highload_seals,10,7,high_load,370,H4,H4!I42
H|HM|W|MH,inch,thick_head,10,7,fixed_each,2025,H4,H4!J42
H|HM|W|MH,inch,flange_port,12,5.5,fixed_each,322,H4,H4!C43
H|HM|W|MH,inch,extra_tie_rod,12,5.5,per_length,37,H4,H4!D43
H|HM|W|MH,inch,cipr,12,5.5,fixed,262,H4,H4!E43
H|HM|W|MH,inch,ultraox,12,5.5,base,7848,H4,H4!F43
H|HM|W|MH,inch,ultraox,12,5.5,per_stroke,69,H4,H4!G43
H|HM|W|MH,inch,buna_highload_seals,12,5.5,buna,145,H4,H4!H43
H|HM|W|MH,inch,buna_highload_seals,12,5.5,high_load,476,H4,H4!I43
H|HM|W|MH,inch,thick_head,12,5.5,fixed_each,2498,H4,H4!J43
H|HM|W|MH,inch,flange_port,12,7,fixed_each,322,H4,H4!C44
H|HM|W|MH,inch,extra_tie_rod,12,7,per_length,37,H4,H4!D44
H|HM|W|MH,inch,cipr,12,7,fixed,262,H4,H4!E44
H|HM|W|MH,inch,ultraox,12,7,base,7848,H4,H4!F44
H|HM|W|MH,inch,ultraox,12,7,per_stroke,69,H4,H4!G44
H|HM|W|MH,inch,buna_highload_seals,12,7,buna,188,H4,H4!H44
H|HM|W|MH,inch,buna_highload_seals,12,7,high_load,476,H4,H4!I44
H|HM|W|MH,inch,thick_head,12,7,fixed_each,2498,H4,H4!J44
H|HM|W|MH,inch,flange_port,12,8,fixed_each,322,H4,H4!C45
H|HM|W|MH,inch,extra_tie_rod,12,8,per_length,37,H4,H4!D45
H|HM|W|MH,inch,cipr,12,8,fixed,262,H4,H4!E45
H|HM|W|MH,inch,ultraox,12,8,base,7848,H4,H4!F45
H|HM|W|MH,inch,ultraox,12,8,per_stroke,69,H4,H4!G45
H|HM|W|MH,inch,buna_highload_seals,12,8,buna,242,H4,H4!H45
H|HM|W|MH,inch,buna_highload_seals,12,8,high_load,476,H4,H4!I45
H|HM|W|MH,inch,thick_head,12,8,fixed_each,2498,H4,H4!J45
H|HM|W|MH,inch,flange_port,14,8,fixed_each,322,H4,H4!C46
H|HM|W|MH,inch,extra_tie_rod,14,8,per_length,49,H4,H4!D46
H|HM|W|MH,inch,cipr,14,8,fixed,450,H4,H4!E46
H|HM|W|MH,inch,ultraox,14,8,base,10152,H4,H4!F46
H|HM|W|MH,inch,ultraox,14,8,per_stroke,89,H4,H4!G46
H|HM|W|MH,inch,buna_highload_seals,14,8,buna,242,H4,H4!H46
H|HM|W|MH,inch,buna_highload_seals,14,8,high_load,540,H4,H4!I46
H|HM|W|MH,inch,thick_head,14,8,fixed_each,3081,H4,H4!J46
H|HM|W|MH,inch,flange_port,14,10,fixed_each,322,H4,H4!C47
H|HM|W|MH,inch,extra_tie_rod,14,10,per_length,49,H4,H4!D47
H|HM|W|MH,inch,cipr,14,10,fixed,450,H4,H4!E47
H|HM|W|MH,inch,ultraox,14,10,base,10152,H4,H4!F47
H|HM|W|MH,inch,ultraox,14,10,per_stroke,89,H4,H4!G47
H|HM|W|MH,inch,buna_highload_seals,14,10,buna,313,H4,H4!H47
H|HM|W|MH,inch,buna_highload_seals,14,10,high_load,540,H4,H4!I47
H|HM|W|MH,inch,thick_head,14,10,fixed_each,3081,H4,H4!J47
H|HM|W|MH,inch,flange_port,16,8,fixed_each,322,H4,H4!C48
H|HM|W|MH,inch,extra_tie_rod,16,8,per_length,61,H4,H4!D48
H|HM|W|MH,inch,cipr,16,8,fixed,582,H4,H4!E48
H|HM|W|MH,inch,ultraox,16,8,base,13194,H4,H4!F48
H|HM|W|MH,inch,ultraox,16,8,per_stroke,111,H4,H4!G48
H|HM|W|MH,inch,buna_highload_seals,16,8,buna,242,H4,H4!H48
H|HM|W|MH,inch,buna_highload_seals,16,8,high_load,737,H4,H4!I48
H|HM|W|MH,inch,thick_head,16,8,fixed_each,3803,H4,H4!J48
H|HM|W|MH,inch,flange_port,16,10,fixed_each,322,H4,H4!C49
H|HM|W|MH,inch,extra_tie_rod,16,10,per_length,61,H4,H4!D49
H|HM|W|MH,inch,cipr,16,10,fixed,582,H4,H4!E49
H|HM|W|MH,inch,ultraox,16,10,base,13194,H4,H4!F49
H|HM|W|MH,inch,ultraox,16,10,per_stroke,111,H4,H4!G49
H|HM|W|MH,inch,buna_highload_seals,16,10,buna,313,H4,H4!H49
H|HM|W|MH,inch,buna_highload_seals,16,10,high_load,737,H4,H4!I49
H|HM|W|MH,inch,thick_head,16,10,fixed_each,3803,H4,H4!J49
H|HM|W|MH,inch,flange_port,18,8,fixed_each,322,H4,H4!C50
H|HM|W|MH,inch,extra_tie_rod,18,8,per_length,78,H4,H4!D50
H|HM|W|MH,inch,cipr,18,8,fixed,752,H4,H4!E50
H|HM|W|MH,inch,ultraox,18,8,base,17127,H4,H4!F50
H|HM|W|MH,inch,ultraox,18,8,per_stroke,143,H4,H4!G50
H|HM|W|MH,inch,buna_highload_seals,18,8,buna,242,H4,H4!H50
H|HM|W|MH,inch,buna_highload_seals,18,8,high_load,977,H4,H4!I50
H|HM|W|MH,inch,thick_head,18,8,fixed_each,4691,H4,H4!J50
H|HM|W|MH,inch,flange_port,18,10,fixed_each,322,H4,H4!C51
H|HM|W|MH,inch,extra_tie_rod,18,10,per_length,78,H4,H4!D51
H|HM|W|MH,inch,cipr,18,10,fixed,752,H4,H4!E51
H|HM|W|MH,inch,ultraox,18,10,base,17127,H4,H4!F51
H|HM|W|MH,inch,ultraox,18,10,per_stroke,143,H4,H4!G51
H|HM|W|MH,inch,buna_highload_seals,18,10,buna,313,H4,H4!H51
H|HM|W|MH,inch,buna_highload_seals,18,10,high_load,977,H4,H4!I51
H|HM|W|MH,inch,thick_head,18,10,fixed_each,4691,H4,H4!J51
H|HM|W|MH,inch,flange_port,20,10,fixed_each,322,H4,H4!C52
H|HM|W|MH,inch,extra_tie_rod,20,10,per_length,98,H4,H4!D52
H|HM|W|MH,inch,cipr,20,10,fixed,977,H4,H4!E52
H|HM|W|MH,inch,ultraox,20,10,base,22257,H4,H4!F52
H|HM|W|MH,inch,ultraox,20,10,per_stroke,182,H4,H4!G52
H|HM|W|MH,inch,buna_highload_seals,20,10,buna,313,H4,H4!H52
H|HM|W|MH,inch,buna_highload_seals,20,10,high_load,1305,H4,H4!I52
H|HM|W|MH,inch,thick_head,20,10,fixed_each,5788,H4,H4!J52
A|LH,inch,rod_extension,1.5,0.625,per_length,11,A2,A2!C8
A|LH,inch,stop_tube,1.5,0.625,base,116,A2,A2!D8
A|LH,inch,stop_tube,1.5,0.625,per_length,34,A2,A2!E8
A|LH,inch,stainless_rod,1.5,0.625,base,34,A2,A2!F8
A|LH,inch,stainless_rod,1.5,0.625,per_stroke,15,A2,A2!G8
A|LH,inch,extra_thread,1.5,0.625,per_length,15,A2,A2!H8
A|LH,inch,rod_extension,1.5,1,per_length,12,A2,A2!C9
A|LH,inch,stop_tube,1.5,1,base,116,A2,A2!D9
A|LH,inch,stop_tube,1.5,1,per_length,34,A2,A2!E9
A|LH,inch,stainless_rod,1.5,1,base,60,A2,A2!F9
A|LH,inch,stainless_rod,1.5,1,per_stroke,17,A2,A2!G9
A|LH,inch,extra_thread,1.5,1,per_length,17,A2,A2!H9
A|LH,inch,rod_extension,2,0.625,per_length,11,A2,A2!C10
A|LH,inch,stop_tube,2,0.625,base,130,A2,A2!D10
A|LH,inch,stop_tube,2,0.625,per_length,34,A2,A2!E10
A|LH,inch,stainless_rod,2,0.625,base,34,A2,A2!F10
A|LH,inch,stainless_rod,2,0.625,per_stroke,15,A2,A2!G10
A|LH,inch,extra_thread,2,0.625,per_length,15,A2,A2!H10
A|LH,inch,rod_extension,2,1,per_length,12,A2,A2!C11
A|LH,inch,stop_tube,2,1,base,130,A2,A2!D11
A|LH,inch,stop_tube,2,1,per_length,34,A2,A2!E11
A|LH,inch,stainless_rod,2,1,base,60,A2,A2!F11
A|LH,inch,stainless_rod,2,1,per_stroke,17,A2,A2!G11
A|LH,inch,extra_thread,2,1,per_length,17,A2,A2!H11
A|LH,inch,rod_extension,2,1.375,per_length,15,A2,A2!C12
A|LH,inch,stop_tube,2,1.375,base,130,A2,A2!D12
A|LH,inch,stop_tube,2,1.375,per_length,34,A2,A2!E12
A|LH,inch,stainless_rod,2,1.375,base,119,A2,A2!F12
A|LH,inch,stainless_rod,2,1.375,per_stroke,22,A2,A2!G12
A|LH,inch,extra_thread,2,1.375,per_length,18,A2,A2!H12
A|LH,inch,rod_extension,2.5,0.625,per_length,11,A2,A2!C13
A|LH,inch,stop_tube,2.5,0.625,base,141,A2,A2!D13
A|LH,inch,stop_tube,2.5,0.625,per_length,35,A2,A2!E13
A|LH,inch,stainless_rod,2.5,0.625,base,34,A2,A2!F13
A|LH,inch,stainless_rod,2.5,0.625,per_stroke,15,A2,A2!G13
A|LH,inch,extra_thread,2.5,0.625,per_length,15,A2,A2!H13
A|LH,inch,rod_extension,2.5,1,per_length,12,A2,A2!C14
A|LH,inch,stop_tube,2.5,1,base,141,A2,A2!D14
A|LH,inch,stop_tube,2.5,1,per_length,35,A2,A2!E14
A|LH,inch,stainless_rod,2.5,1,base,60,A2,A2!F14
A|LH,inch,stainless_rod,2.5,1,per_stroke,17,A2,A2!G14
A|LH,inch,extra_thread,2.5,1,per_length,17,A2,A2!H14
A|LH,inch,rod_extension,2.5,1.375,per_length,15,A2,A2!C15
A|LH,inch,stop_tube,2.5,1.375,base,141,A2,A2!D15
A|LH,inch,stop_tube,2.5,1.375,per_length,35,A2,A2!E15
A|LH,inch,stainless_rod,2.5,1.375,base,119,A2,A2!F15
A|LH,inch,stainless_rod,2.5,1.375,per_stroke,22,A2,A2!G15
A|LH,inch,extra_thread,2.5,1.375,per_length,18,A2,A2!H15
A|LH,inch,rod_extension,2.5,1.75,per_length,16,A2,A2!C16
A|LH,inch,stop_tube,2.5,1.75,base,141,A2,A2!D16
A|LH,inch,stop_tube,2.5,1.75,per_length,35,A2,A2!E16
A|LH,inch,stainless_rod,2.5,1.75,base,242,A2,A2!F16
A|LH,inch,stainless_rod,2.5,1.75,per_stroke,24,A2,A2!G16
A|LH,inch,extra_thread,2.5,1.75,per_length,22,A2,A2!H16
A|LH,inch,rod_extension,3.25,1,per_length,12,A2,A2!C17
A|LH,inch,stop_tube,3.25,1,base,182,A2,A2!D17
A|LH,inch,stop_tube,3.25,1,per_length,45,A2,A2!E17
A|LH,inch,stainless_rod,3.25,1,base,60,A2,A2!F17
A|LH,inch,stainless_rod,3.25,1,per_stroke,17,A2,A2!G17
A|LH,inch,extra_thread,3.25,1,per_length,17,A2,A2!H17
A|LH,inch,rod_extension,3.25,1.375,per_length,15,A2,A2!C18
A|LH,inch,stop_tube,3.25,1.375,base,182,A2,A2!D18
A|LH,inch,stop_tube,3.25,1.375,per_length,45,A2,A2!E18
A|LH,inch,stainless_rod,3.25,1.375,base,119,A2,A2!F18
A|LH,inch,stainless_rod,3.25,1.375,per_stroke,22,A2,A2!G18
A|LH,inch,extra_thread,3.25,1.375,per_length,18,A2,A2!H18
A|LH,inch,rod_extension,3.25,1.75,per_length,16,A2,A2!C19
A|LH,inch,stop_tube,3.25,1.75,base,182,A2,A2!D19
A|LH,inch,stop_tube,3.25,1.75,per_length,45,A2,A2!E19
A|LH,inch,stainless_rod,3.25,1.75,base,242,A2,A2!F19
A|LH,inch,stainless_rod,3.25,1.75,per_stroke,24,A2,A2!G19
A|LH,inch,extra_thread,3.25,1.75,per_length,22,A2,A2!H19
A|LH,inch,rod_extension,3.25,2,per_length,17,A2,A2!C20
A|LH,inch,stop_tube,3.25,2,base,182,A2,A2!D20
A|LH,inch,stop_tube,3.25,2,per_length,45,A2,A2!E20
A|LH,inch,stainless_rod,3.25,2,base,344,A2,A2!F20
A|LH,inch,stainless_rod,3.25,2,per_stroke,35,A2,A2!G20
A|LH,inch,extra_thread,3.25,2,per_length,24,A2,A2!H20
A|LH,inch,rod_extension,4,1,per_length,12,A2,A2!C21
A|LH,inch,stop_tube,4,1,base,226,A2,A2!D21
A|LH,inch,stop_tube,4,1,per_length,48,A2,A2!E21
A|LH,inch,stainless_rod,4,1,base,60,A2,A2!F21
A|LH,inch,stainless_rod,4,1,per_stroke,17,A2,A2!G21
A|LH,inch,extra_thread,4,1,per_length,17,A2,A2!H21
A|LH,inch,rod_extension,4,1.375,per_length,15,A2,A2!C22
A|LH,inch,stop_tube,4,1.375,base,226,A2,A2!D22
A|LH,inch,stop_tube,4,1.375,per_length,48,A2,A2!E22
A|LH,inch,stainless_rod,4,1.375,base,119,A2,A2!F22
A|LH,inch,stainless_rod,4,1.375,per_stroke,22,A2,A2!G22
A|LH,inch,extra_thread,4,1.375,per_length,18,A2,A2!H22
A|LH,inch,rod_extension,4,1.75,per_length,16,A2,A2!C23
A|LH,inch,stop_tube,4,1.75,base,226,A2,A2!D23
A|LH,inch,stop_tube,4,1.75,per_length,48,A2,A2!E23
A|LH,inch,stainless_rod,4,1.75,base,242,A2,A2!F23
A|LH,inch,stainless_rod,4,1.75,per_stroke,24,A2,A2!G23
A|LH,inch,extra_thread,4,1.75,per_length,22,A2,A2!H23
A|LH,inch,rod_extension,4,2,per_length,17,A2,A2!C24
A|LH,inch,stop_tube,4,2,base,226,A2,A2!D24
A|LH,inch,stop_tube,4,2,per_length,48,A2,A2!E24
A|LH,inch,stainless_rod,4,2,base,344,A2,A2!F24
A|LH,inch,stainless_rod,4,2,per_stroke,35,A2,A2!G24
A|LH,inch,extra_thread,4,2,per_length,24,A2,A2!H24
A|LH,inch,rod_extension,5,1,per_length,12,A2,A2!C25
A|LH,inch,stop_tube,5,1,base,285,A2,A2!D25
A|LH,inch,stop_tube,5,1,per_length,62,A2,A2!E25
A|LH,inch,stainless_rod,5,1,base,60,A2,A2!F25
A|LH,inch,stainless_rod,5,1,per_stroke,17,A2,A2!G25
A|LH,inch,extra_thread,5,1,per_length,17,A2,A2!H25
A|LH,inch,rod_extension,5,1.375,per_length,15,A2,A2!C26
A|LH,inch,stop_tube,5,1.375,base,285,A2,A2!D26
A|LH,inch,stop_tube,5,1.375,per_length,62,A2,A2!E26
A|LH,inch,stainless_rod,5,1.375,base,119,A2,A2!F26
A|LH,inch,stainless_rod,5,1.375,per_stroke,22,A2,A2!G26
A|LH,inch,extra_thread,5,1.375,per_length,18,A2,A2!H26
A|LH,inch,rod_extension,5,1.75,per_length,16,A2,A2!C27
A|LH,inch,stop_tube,5,1.75,base,285,A2,A2!D27
A|LH,inch,stop_tube,5,1.75,per_length,62,A2,A2!E27
A|LH,inch,stainless_rod,5,1.75,base,242,A2,A2!F27
A|LH,inch,stainless_rod,5,1.75,per_stroke,24,A2,A2!G27
A|LH,inch,extra_thread,5,1.75,per_length,22,A2,A2!H27
A|LH,inch,rod_extension,5,2,per_length,17,A2,A2!C28
A|LH,inch,stop_tube,5,2,base,285,A2,A2!D28
A|LH,inch,stop_tube,5,2,per_length,62,A2,A2!E28
A|LH,inch,stainless_rod,5,2,base,344,A2,A2!F28
A|LH,inch,stainless_rod,5,2,per_stroke,35,A2,A2!G28
A|LH,inch,extra_thread,5,2,per_length,24,A2,A2!H28
A|LH,inch,rod_extension,6,1.375,per_length,15,A2,A2!C29
A|LH,inch,stop_tube,6,1.375,base,378,A2,A2!D29
A|LH,inch,stop_tube,6,1.375,per_length,76,A2,A2!E29
A|LH,inch,stainless_rod,6,1.375,base,119,A2,A2!F29
A|LH,inch,stainless_rod,6,1.375,per_stroke,22,A2,A2!G29
A|LH,inch,extra_thread,6,1.375,per_length,18,A2,A2!H29
A|LH,inch,rod_extension,6,1.75,per_length,16,A2,A2!C30
A|LH,inch,stop_tube,6,1.75,base,378,A2,A2!D30
A|LH,inch,stop_tube,6,1.75,per_length,76,A2,A2!E30
A|LH,inch,stainless_rod,6,1.75,base,242,A2,A2!F30
A|LH,inch,stainless_rod,6,1.75,per_stroke,24,A2,A2!G30
A|LH,inch,extra_thread,6,1.75,per_length,22,A2,A2!H30
A|LH,inch,rod_extension,6,2,per_length,17,A2,A2!C31
A|LH,inch,stop_tube,6,2,base,378,A2,A2!D31
A|LH,inch,stop_tube,6,2,per_length,76,A2,A2!E31
A|LH,inch,stainless_rod,6,2,base,344,A2,A2!F31
A|LH,inch,stainless_rod,6,2,per_stroke,35,A2,A2!G31
A|LH,inch,extra_thread,6,2,per_length,24,A2,A2!H31
A|LH,inch,rod_extension,6,2.5,per_length,20,A2,A2!C32
A|LH,inch,stop_tube,6,2.5,base,378,A2,A2!D32
A|LH,inch,stop_tube,6,2.5,per_length,76,A2,A2!E32
A|LH,inch,stainless_rod,6,2.5,base,656,A2,A2!F32
A|LH,inch,stainless_rod,6,2.5,per_stroke,48,A2,A2!G32
A|LH,inch,extra_thread,6,2.5,per_length,33,A2,A2!H32
A|LH,inch,rod_extension,7,1.375,per_length,15,A2,A2!C33
A|LH,inch,stop_tube,7,1.375,base,449,A2,A2!D33
A|LH,inch,stop_tube,7,1.375,per_length,88,A2,A2!E33
A|LH,inch,stainless_rod,7,1.375,base,119,A2,A2!F33
A|LH,inch,stainless_rod,7,1.375,per_stroke,22,A2,A2!G33
A|LH,inch,extra_thread,7,1.375,per_length,18,A2,A2!H33
A|LH,inch,rod_extension,7,1.75,per_length,16,A2,A2!C34
A|LH,inch,stop_tube,7,1.75,base,449,A2,A2!D34
A|LH,inch,stop_tube,7,1.75,per_length,88,A2,A2!E34
A|LH,inch,stainless_rod,7,1.75,base,242,A2,A2!F34
A|LH,inch,stainless_rod,7,1.75,per_stroke,24,A2,A2!G34
A|LH,inch,extra_thread,7,1.75,per_length,22,A2,A2!H34
A|LH,inch,rod_extension,7,2,per_length,17,A2,A2!C35
A|LH,inch,stop_tube,7,2,base,449,A2,A2!D35
A|LH,inch,stop_tube,7,2,per_length,88,A2,A2!E35
A|LH,inch,stainless_rod,7,2,base,344,A2,A2!F35
A|LH,inch,stainless_rod,7,2,per_stroke,35,A2,A2!G35
A|LH,inch,extra_thread,7,2,per_length,24,A2,A2!H35
A|LH,inch,rod_extension,7,2.5,per_length,20,A2,A2!C36
A|LH,inch,stop_tube,7,2.5,base,449,A2,A2!D36
A|LH,inch,stop_tube,7,2.5,per_length,88,A2,A2!E36
A|LH,inch,stainless_rod,7,2.5,base,656,A2,A2!F36
A|LH,inch,stainless_rod,7,2.5,per_stroke,48,A2,A2!G36
A|LH,inch,extra_thread,7,2.5,per_length,33,A2,A2!H36
A|LH,inch,rod_extension,8,1.375,per_length,15,A2,A2!C37
A|LH,inch,stop_tube,8,1.375,base,521,A2,A2!D37
A|LH,inch,stop_tube,8,1.375,per_length,96,A2,A2!E37
A|LH,inch,stainless_rod,8,1.375,base,119,A2,A2!F37
A|LH,inch,stainless_rod,8,1.375,per_stroke,22,A2,A2!G37
A|LH,inch,extra_thread,8,1.375,per_length,18,A2,A2!H37
A|LH,inch,rod_extension,8,1.75,per_length,16,A2,A2!C38
A|LH,inch,stop_tube,8,1.75,base,521,A2,A2!D38
A|LH,inch,stop_tube,8,1.75,per_length,96,A2,A2!E38
A|LH,inch,stainless_rod,8,1.75,base,242,A2,A2!F38
A|LH,inch,stainless_rod,8,1.75,per_stroke,24,A2,A2!G38
A|LH,inch,extra_thread,8,1.75,per_length,22,A2,A2!H38
A|LH,inch,rod_extension,8,2,per_length,17,A2,A2!C39
A|LH,inch,stop_tube,8,2,base,521,A2,A2!D39
A|LH,inch,stop_tube,8,2,per_length,96,A2,A2!E39
A|LH,inch,stainless_rod,8,2,base,344,A2,A2!F39
A|LH,inch,stainless_rod,8,2,per_stroke,35,A2,A2!G39
A|LH,inch,extra_thread,8,2,per_length,24,A2,A2!H39
A|LH,inch,rod_extension,8,2.5,per_length,20,A2,A2!C40
A|LH,inch,stop_tube,8,2.5,base,521,A2,A2!D40
A|LH,inch,stop_tube,8,2.5,per_length,96,A2,A2!E40
A|LH,inch,stainless_rod,8,2.5,base,656,A2,A2!F40
A|LH,inch,stainless_rod,8,2.5,per_stroke,48,A2,A2!G40
A|LH,inch,extra_thread,8,2.5,per_length,33,A2,A2!H40
A|LH,inch,rod_extension,10,1.75,per_length,16,A2,A2!C41
A|LH,inch,stop_tube,10,1.75,base,879,A2,A2!D41
A|LH,inch,stop_tube,10,1.75,per_length,144,A2,A2!E41
A|LH,inch,stainless_rod,10,1.75,base,242,A2,A2!F41
A|LH,inch,stainless_rod,10,1.75,per_stroke,24,A2,A2!G41
A|LH,inch,extra_thread,10,1.75,per_length,22,A2,A2!H41
A|LH,inch,rod_extension,10,2,per_length,17,A2,A2!C42
A|LH,inch,stop_tube,10,2,base,879,A2,A2!D42
A|LH,inch,stop_tube,10,2,per_length,144,A2,A2!E42
A|LH,inch,stainless_rod,10,2,base,344,A2,A2!F42
A|LH,inch,stainless_rod,10,2,per_stroke,35,A2,A2!G42
A|LH,inch,extra_thread,10,2,per_length,24,A2,A2!H42
A|LH,inch,rod_extension,10,2.5,per_length,20,A2,A2!C43
A|LH,inch,stop_tube,10,2.5,base,879,A2,A2!D43
A|LH,inch,stop_tube,10,2.5,per_length,144,A2,A2!E43
A|LH,inch,stainless_rod,10,2.5,base,656,A2,A2!F43
A|LH,inch,stainless_rod,10,2.5,per_stroke,48,A2,A2!G43
A|LH,inch,extra_thread,10,2.5,per_length,33,A2,A2!H43
A|LH,inch,rod_extension,10,3,per_length,34,A2,A2!C44
A|LH,inch,stop_tube,10,3,base,879,A2,A2!D44
A|LH,inch,stop_tube,10,3,per_length,144,A2,A2!E44
A|LH,inch,stainless_rod,10,3,base,1001,A2,A2!F44
A|LH,inch,stainless_rod,10,3,per_stroke,64,A2,A2!G44
A|LH,inch,extra_thread,10,3,per_length,62,A2,A2!H44
A|LH,inch,rod_extension,10,3.5,per_length,41,A2,A2!C45
A|LH,inch,stop_tube,10,3.5,base,879,A2,A2!D45
A|LH,inch,stop_tube,10,3.5,per_length,144,A2,A2!E45
A|LH,inch,stainless_rod,10,3.5,base,1264,A2,A2!F45
A|LH,inch,stainless_rod,10,3.5,per_stroke,86,A2,A2!G45
A|LH,inch,extra_thread,10,3.5,per_length,69,A2,A2!H45
A|LH,inch,rod_extension,12,2,per_length,17,A2,A2!C46
A|LH,inch,stop_tube,12,2,base,1238,A2,A2!D46
A|LH,inch,stop_tube,12,2,per_length,200,A2,A2!E46
A|LH,inch,stainless_rod,12,2,base,344,A2,A2!F46
A|LH,inch,stainless_rod,12,2,per_stroke,35,A2,A2!G46
A|LH,inch,extra_thread,12,2,per_length,24,A2,A2!H46
A|LH,inch,rod_extension,12,2.5,per_length,20,A2,A2!C47
A|LH,inch,stop_tube,12,2.5,base,1238,A2,A2!D47
A|LH,inch,stop_tube,12,2.5,per_length,200,A2,A2!E47
A|LH,inch,stainless_rod,12,2.5,base,656,A2,A2!F47
A|LH,inch,stainless_rod,12,2.5,per_stroke,48,A2,A2!G47
A|LH,inch,extra_thread,12,2.5,per_length,33,A2,A2!H47
A|LH,inch,rod_extension,12,3,per_length,34,A2,A2!C48
A|LH,inch,stop_tube,12,3,base,1238,A2,A2!D48
A|LH,inch,stop_tube,12,3,per_length,200,A2,A2!E48
A|LH,inch,stainless_rod,12,3,base,1001,A2,A2!F48
A|LH,inch,stainless_rod,12,3,per_stroke,64,A2,A2!G48
A|LH,inch,extra_thread,12,3,per_length,62,A2,A2!H48
A|LH,inch,rod_extension,12,3.5,per_length,41,A2,A2!C49
A|LH,inch,stop_tube,12,3.5,base,1238,A2,A2!D49
A|LH,inch,stop_tube,12,3.5,per_length,200,A2,A2!E49
A|LH,inch,stainless_rod,12,3.5,base,1264,A2,A2!F49
A|LH,inch,stainless_rod,12,3.5,per_stroke,86,A2,A2!G49
A|LH,inch,extra_thread,12,3.5,per_length,69,A2,A2!H49
A|LH,inch,rod_extension,12,4,per_length,51,A2,A2!C50
A|LH,inch,stop_tube,12,4,base,1238,A2,A2!D50
A|LH,inch,stop_tube,12,4,per_length,200,A2,A2!E50
A|LH,inch,stainless_rod,12,4,base,1508,A2,A2!F50
A|LH,inch,stainless_rod,12,4,per_stroke,119,A2,A2!G50
A|LH,inch,extra_thread,12,4,per_length,89,A2,A2!H50
A|LH,inch,rod_extension,14,2.5,per_length,20,A2,A2!C51
A|LH,inch,stop_tube,14,2.5,base,1596,A2,A2!D51
A|LH,inch,stop_tube,14,2.5,per_length,227,A2,A2!E51
A|LH,inch,stainless_rod,14,2.5,base,656,A2,A2!F51
A|LH,inch,stainless_rod,14,2.5,per_stroke,48,A2,A2!G51
A|LH,inch,extra_thread,14,2.5,per_length,33,A2,A2!H51
A|LH,inch,rod_extension,14,3,per_length,34,A2,A2!C52
A|LH,inch,stop_tube,14,3,base,1596,A2,A2!D52
A|LH,inch,stop_tube,14,3,per_length,227,A2,A2!E52
A|LH,inch,stainless_rod,14,3,base,1001,A2,A2!F52
A|LH,inch,stainless_rod,14,3,per_stroke,64,A2,A2!G52
A|LH,inch,extra_thread,14,3,per_length,62,A2,A2!H52
A|LH,inch,rod_extension,14,3.5,per_length,41,A2,A2!C53
A|LH,inch,stop_tube,14,3.5,base,1596,A2,A2!D53
A|LH,inch,stop_tube,14,3.5,per_length,227,A2,A2!E53
A|LH,inch,stainless_rod,14,3.5,base,1264,A2,A2!F53
A|LH,inch,stainless_rod,14,3.5,per_stroke,86,A2,A2!G53
A|LH,inch,extra_thread,14,3.5,per_length,69,A2,A2!H53
A|LH,inch,rod_extension,14,4,per_length,51,A2,A2!C54
A|LH,inch,stop_tube,14,4,base,1596,A2,A2!D54
A|LH,inch,stop_tube,14,4,per_length,227,A2,A2!E54
A|LH,inch,stainless_rod,14,4,base,1508,A2,A2!F54
A|LH,inch,stainless_rod,14,4,per_stroke,119,A2,A2!G54
A|LH,inch,extra_thread,14,4,per_length,89,A2,A2!H54
A|LH,inch,air_bleed,1.5,0.625,fixed_each,138,A3,A3!C8
A|LH,inch,prox_switch,1.5,0.625,fixed_each,797,A3,A3!D8
A|LH,inch,viton_seals,1.5,0.625,rod_related,10,A3,A3!F8
A|LH,inch,viton_seals,1.5,0.625,piston,50,A3,A3!G8
A|LH,inch,extra_port,1.5,0.625,fixed_each,74,A3,A3!H8
A|LH,inch,air_bleed,1.5,1,fixed_each,138,A3,A3!C9
A|LH,inch,prox_switch,1.5,1,fixed_each,797,A3,A3!D9
A|LH,inch,viton_seals,1.5,1,rod_related,20,A3,A3!F9
A|LH,inch,viton_seals,1.5,1,piston,50,A3,A3!G9
A|LH,inch,extra_port,1.5,1,fixed_each,74,A3,A3!H9
A|LH,inch,air_bleed,2,0.625,fixed_each,146,A3,A3!C10
A|LH,inch,prox_switch,2,0.625,fixed_each,797,A3,A3!D10
A|LH,inch,viton_seals,2,0.625,rod_related,22,A3,A3!F10
A|LH,inch,viton_seals,2,0.625,piston,118,A3,A3!G10
A|LH,inch,extra_port,2,0.625,fixed_each,78,A3,A3!H10
A|LH,inch,air_bleed,2,1,fixed_each,146,A3,A3!C11
A|LH,inch,prox_switch,2,1,fixed_each,797,A3,A3!D11
A|LH,inch,viton_seals,2,1,rod_related,20,A3,A3!F11
A|LH,inch,viton_seals,2,1,piston,60,A3,A3!G11
A|LH,inch,extra_port,2,1,fixed_each,78,A3,A3!H11
A|LH,inch,air_bleed,2,1.375,fixed_each,146,A3,A3!C12
A|LH,inch,prox_switch,2,1.375,fixed_each,797,A3,A3!D12
A|LH,inch,viton_seals,2,1.375,rod_related,30,A3,A3!F12
A|LH,inch,viton_seals,2,1.375,piston,60,A3,A3!G12
A|LH,inch,extra_port,2,1.375,fixed_each,78,A3,A3!H12
A|LH,inch,air_bleed,2.5,0.625,fixed_each,152,A3,A3!C13
A|LH,inch,prox_switch,2.5,0.625,fixed_each,797,A3,A3!D13
A|LH,inch,viton_seals,2.5,0.625,rod_related,23,A3,A3!F13
A|LH,inch,viton_seals,2.5,0.625,piston,147,A3,A3!G13
A|LH,inch,extra_port,2.5,0.625,fixed_each,81,A3,A3!H13
A|LH,inch,air_bleed,2.5,1,fixed_each,152,A3,A3!C14
A|LH,inch,prox_switch,2.5,1,fixed_each,797,A3,A3!D14
A|LH,inch,viton_seals,2.5,1,rod_related,15,A3,A3!F14
A|LH,inch,viton_seals,2.5,1,piston,75,A3,A3!G14
A|LH,inch,extra_port,2.5,1,fixed_each,81,A3,A3!H14
A|LH,inch,air_bleed,2.5,1.375,fixed_each,152,A3,A3!C15
A|LH,inch,prox_switch,2.5,1.375,fixed_each,797,A3,A3!D15
A|LH,inch,viton_seals,2.5,1.375,rod_related,25,A3,A3!F15
A|LH,inch,viton_seals,2.5,1.375,piston,75,A3,A3!G15
A|LH,inch,extra_port,2.5,1.375,fixed_each,81,A3,A3!H15
A|LH,inch,air_bleed,2.5,1.75,fixed_each,152,A3,A3!C16
A|LH,inch,prox_switch,2.5,1.75,fixed_each,797,A3,A3!D16
A|LH,inch,viton_seals,2.5,1.75,rod_related,30,A3,A3!F16
A|LH,inch,viton_seals,2.5,1.75,piston,75,A3,A3!G16
A|LH,inch,extra_port,2.5,1.75,fixed_each,81,A3,A3!H16
A|LH,inch,air_bleed,3.25,1,fixed_each,160,A3,A3!C17
A|LH,inch,prox_switch,3.25,1,fixed_each,797,A3,A3!D17
A|LH,inch,viton_seals,3.25,1,rod_related,34,A3,A3!F17
A|LH,inch,viton_seals,3.25,1,piston,159,A3,A3!G17
A|LH,inch,extra_port,3.25,1,fixed_each,84,A3,A3!H17
A|LH,inch,air_bleed,3.25,1.375,fixed_each,160,A3,A3!C18
A|LH,inch,prox_switch,3.25,1.375,fixed_each,797,A3,A3!D18
A|LH,inch,viton_seals,3.25,1.375,rod_related,28,A3,A3!F18
A|LH,inch,viton_seals,3.25,1.375,piston,75,A3,A3!G18
A|LH,inch,extra_port,3.25,1.375,fixed_each,84,A3,A3!H18
A|LH,inch,air_bleed,3.25,1.75,fixed_each,160,A3,A3!C19
A|LH,inch,prox_switch,3.25,1.75,fixed_each,797,A3,A3!D19
A|LH,inch,viton_seals,3.25,1.75,rod_related,30,A3,A3!F19
A|LH,inch,viton_seals,3.25,1.75,piston,75,A3,A3!G19
A|LH,inch,extra_port,3.25,1.75,fixed_each,84,A3,A3!H19
A|LH,inch,air_bleed,3.25,2,fixed_each,160,A3,A3!C20
A|LH,inch,prox_switch,3.25,2,fixed_each,797,A3,A3!D20
A|LH,inch,viton_seals,3.25,2,rod_related,50,A3,A3!F20
A|LH,inch,viton_seals,3.25,2,piston,75,A3,A3!G20
A|LH,inch,extra_port,3.25,2,fixed_each,84,A3,A3!H20
A|LH,inch,air_bleed,4,1,fixed_each,167,A3,A3!C21
A|LH,inch,prox_switch,4,1,fixed_each,797,A3,A3!D21
A|LH,inch,viton_seals,4,1,rod_related,34,A3,A3!F21
A|LH,inch,viton_seals,4,1,piston,165,A3,A3!G21
A|LH,inch,extra_port,4,1,fixed_each,93,A3,A3!H21
A|LH,inch,air_bleed,4,1.375,fixed_each,167,A3,A3!C22
A|LH,inch,prox_switch,4,1.375,fixed_each,797,A3,A3!D22
A|LH,inch,viton_seals,4,1.375,rod_related,53,A3,A3!F22
A|LH,inch,viton_seals,4,1.375,piston,165,A3,A3!G22
A|LH,inch,extra_port,4,1.375,fixed_each,93,A3,A3!H22
A|LH,inch,air_bleed,4,1.75,fixed_each,167,A3,A3!C23
A|LH,inch,prox_switch,4,1.75,fixed_each,797,A3,A3!D23
A|LH,inch,viton_seals,4,1.75,rod_related,30,A3,A3!F23
A|LH,inch,viton_seals,4,1.75,piston,90,A3,A3!G23
A|LH,inch,extra_port,4,1.75,fixed_each,93,A3,A3!H23
A|LH,inch,air_bleed,4,2,fixed_each,167,A3,A3!C24
A|LH,inch,prox_switch,4,2,fixed_each,797,A3,A3!D24
A|LH,inch,viton_seals,4,2,rod_related,50,A3,A3!F24
A|LH,inch,viton_seals,4,2,piston,90,A3,A3!G24
A|LH,inch,extra_port,4,2,fixed_each,93,A3,A3!H24
A|LH,inch,air_bleed,5,1,fixed_each,174,A3,A3!C25
A|LH,inch,prox_switch,5,1,fixed_each,797,A3,A3!D25
A|LH,inch,viton_seals,5,1,rod_related,34,A3,A3!F25
A|LH,inch,viton_seals,5,1,piston,201,A3,A3!G25
A|LH,inch,extra_port,5,1,fixed_each,98,A3,A3!H25
A|LH,inch,air_bleed,5,1.375,fixed_each,174,A3,A3!C26
A|LH,inch,prox_switch,5,1.375,fixed_each,797,A3,A3!D26
A|LH,inch,viton_seals,5,1.375,rod_related,54,A3,A3!F26
A|LH,inch,viton_seals,5,1.375,piston,201,A3,A3!G26
A|LH,inch,extra_port,5,1.375,fixed_each,98,A3,A3!H26
A|LH,inch,air_bleed,5,1.75,fixed_each,174,A3,A3!C27
A|LH,inch,prox_switch,5,1.75,fixed_each,797,A3,A3!D27
A|LH,inch,viton_seals,5,1.75,rod_related,59,A3,A3!F27
A|LH,inch,viton_seals,5,1.75,piston,201,A3,A3!G27
A|LH,inch,extra_port,5,1.75,fixed_each,98,A3,A3!H27
A|LH,inch,air_bleed,5,2,fixed_each,174,A3,A3!C28
A|LH,inch,prox_switch,5,2,fixed_each,797,A3,A3!D28
A|LH,inch,viton_seals,5,2,rod_related,96,A3,A3!F28
A|LH,inch,viton_seals,5,2,piston,201,A3,A3!G28
A|LH,inch,extra_port,5,2,fixed_each,98,A3,A3!H28
A|LH,inch,air_bleed,6,1.375,fixed_each,185,A3,A3!C29
A|LH,inch,prox_switch,6,1.375,fixed_each,797,A3,A3!D29
A|LH,inch,viton_seals,6,1.375,rod_related,54,A3,A3!F29
A|LH,inch,viton_seals,6,1.375,piston,347,A3,A3!G29
A|LH,inch,extra_port,6,1.375,fixed_each,106,A3,A3!H29
A|LH,inch,air_bleed,6,1.75,fixed_each,185,A3,A3!C30
A|LH,inch,prox_switch,6,1.75,fixed_each,797,A3,A3!D30
A|LH,inch,viton_seals,6,1.75,rod_related,64,A3,A3!F30
A|LH,inch,viton_seals,6,1.75,piston,347,A3,A3!G30
A|LH,inch,extra_port,6,1.75,fixed_each,106,A3,A3!H30
A|LH,inch,air_bleed,6,2,fixed_each,185,A3,A3!C31
A|LH,inch,prox_switch,6,2,fixed_each,797,A3,A3!D31
A|LH,inch,viton_seals,6,2,rod_related,96,A3,A3!F31
A|LH,inch,viton_seals,6,2,piston,347,A3,A3!G31
A|LH,inch,extra_port,6,2,fixed_each,106,A3,A3!H31
A|LH,inch,air_bleed,6,2.5,fixed_each,185,A3,A3!C32
A|LH,inch,prox_switch,6,2.5,fixed_each,797,A3,A3!D32
A|LH,inch,viton_seals,6,2.5,rod_related,78,A3,A3!F32
A|LH,inch,viton_seals,6,2.5,piston,180,A3,A3!G32
A|LH,inch,extra_port,6,2.5,fixed_each,106,A3,A3!H32
A|LH,inch,air_bleed,7,1.375,fixed_each,192,A3,A3!C33
A|LH,inch,prox_switch,7,1.375,fixed_each,797,A3,A3!D33
A|LH,inch,viton_seals,7,1.375,rod_related,54,A3,A3!F33
A|LH,inch,viton_seals,7,1.375,piston,413,A3,A3!G33
A|LH,inch,extra_port,7,1.375,fixed_each,114,A3,A3!H33
A|LH,inch,air_bleed,7,1.75,fixed_each,192,A3,A3!C34
A|LH,inch,prox_switch,7,1.75,fixed_each,797,A3,A3!D34
A|LH,inch,viton_seals,7,1.75,rod_related,64,A3,A3!F34
A|LH,inch,viton_seals,7,1.75,piston,413,A3,A3!G34
A|LH,inch,extra_port,7,1.75,fixed_each,114,A3,A3!H34
A|LH,inch,air_bleed,7,2,fixed_each,192,A3,A3!C35
A|LH,inch,prox_switch,7,2,fixed_each,797,A3,A3!D35
A|LH,inch,viton_seals,7,2,rod_related,96,A3,A3!F35
A|LH,inch,viton_seals,7,2,piston,413,A3,A3!G35
A|LH,inch,extra_port,7,2,fixed_each,114,A3,A3!H35
A|LH,inch,air_bleed,7,2.5,fixed_each,192,A3,A3!C36
A|LH,inch,prox_switch,7,2.5,fixed_each,797,A3,A3!D36
A|LH,inch,viton_seals,7,2.5,rod_related,159,A3,A3!F36
A|LH,inch,viton_seals,7,2.5,piston,413,A3,A3!G36
A|LH,inch,extra_port,7,2.5,fixed_each,114,A3,A3!H36
A|LH,inch,air_bleed,8,1.375,fixed_each,201,A3,A3!C37
A|LH,inch,prox_switch,8,1.375,fixed_each,797,A3,A3!D37
A|LH,inch,viton_seals,8,1.375,rod_related,54,A3,A3!F37
A|LH,inch,viton_seals,8,1.375,piston,452,A3,A3!G37
A|LH,inch,extra_port,8,1.375,fixed_each,122,A3,A3!H37
A|LH,inch,air_bleed,8,1.75,fixed_each,201,A3,A3!C38
A|LH,inch,prox_switch,8,1.75,fixed_each,797,A3,A3!D38
A|LH,inch,viton_seals,8,1.75,rod_related,64,A3,A3!F38
A|LH,inch,viton_seals,8,1.75,piston,452,A3,A3!G38
A|LH,inch,extra_port,8,1.75,fixed_each,122,A3,A3!H38
A|LH,inch,air_bleed,8,2,fixed_each,201,A3,A3!C39
A|LH,inch,prox_switch,8,2,fixed_each,797,A3,A3!D39
A|LH,inch,viton_seals,8,2,rod_related,94,A3,A3!F39
A|LH,inch,viton_seals,8,2,piston,452,A3,A3!G39
A|LH,inch,extra_port,8,2,fixed_each,122,A3,A3!H39
A|LH,inch,air_bleed,8,2.5,fixed_each,201,A3,A3!C40
A|LH,inch,prox_switch,8,2.5,fixed_each,797,A3,A3!D40
A|LH,inch,viton_seals,8,2.5,rod_related,159,A3,A3!F40
A|LH,inch,viton_seals,8,2.5,piston,452,A3,A3!G40
A|LH,inch,extra_port,8,2.5,fixed_each,122,A3,A3!H40
A|LH,inch,air_bleed,10,1.75,fixed_each,246,A3,A3!C41
A|LH,inch,prox_switch,10,1.75,fixed_each,886,A3,A3!D41
A|LH,inch,viton_seals,10,1.75,rod_related,64,A3,A3!F41
A|LH,inch,viton_seals,10,1.75,piston,508,A3,A3!G41
A|LH,inch,extra_port,10,1.75,fixed_each,138,A3,A3!H41
A|LH,inch,air_bleed,10,2,fixed_each,246,A3,A3!C42
A|LH,inch,prox_switch,10,2,fixed_each,892,A3,A3!D42
A|LH,inch,viton_seals,10,2,rod_related,96,A3,A3!F42
A|LH,inch,viton_seals,10,2,piston,508,A3,A3!G42
A|LH,inch,extra_port,10,2,fixed_each,138,A3,A3!H42
A|LH,inch,air_bleed,10,2.5,fixed_each,246,A3,A3!C43
A|LH,inch,prox_switch,10,2.5,fixed_each,894,A3,A3!D43
A|LH,inch,viton_seals,10,2.5,rod_related,159,A3,A3!F43
A|LH,inch,viton_seals,10,2.5,piston,508,A3,A3!G43
A|LH,inch,extra_port,10,2.5,fixed_each,138,A3,A3!H43
A|LH,inch,air_bleed,10,3,fixed_each,246,A3,A3!C44
A|LH,inch,prox_switch,10,3,fixed_each,1061,A3,A3!D44
A|LH,inch,viton_seals,10,3,rod_related,192,A3,A3!F44
A|LH,inch,viton_seals,10,3,piston,508,A3,A3!G44
A|LH,inch,extra_port,10,3,fixed_each,138,A3,A3!H44
A|LH,inch,air_bleed,10,3.5,fixed_each,246,A3,A3!C45
A|LH,inch,prox_switch,10,3.5,fixed_each,1066,A3,A3!D45
A|LH,inch,viton_seals,10,3.5,rod_related,240,A3,A3!F45
A|LH,inch,viton_seals,10,3.5,piston,508,A3,A3!G45
A|LH,inch,extra_port,10,3.5,fixed_each,138,A3,A3!H45
A|LH,inch,air_bleed,12,2,fixed_each,305,A3,A3!C46
A|LH,inch,prox_switch,12,2,fixed_each,1071,A3,A3!D46
A|LH,inch,viton_seals,12,2,rod_related,96,A3,A3!F46
A|LH,inch,viton_seals,12,2,piston,545,A3,A3!G46
A|LH,inch,extra_port,12,2,fixed_each,154,A3,A3!H46
A|LH,inch,air_bleed,12,2.5,fixed_each,305,A3,A3!C47
A|LH,inch,prox_switch,12,2.5,fixed_each,1271,A3,A3!D47
A|LH,inch,viton_seals,12,2.5,rod_related,159,A3,A3!F47
A|LH,inch,viton_seals,12,2.5,piston,545,A3,A3!G47
A|LH,inch,extra_port,12,2.5,fixed_each,154,A3,A3!H47
A|LH,inch,air_bleed,12,3,fixed_each,305,A3,A3!C48
A|LH,inch,prox_switch,12,3,fixed_each,1281,A3,A3!D48
A|LH,inch,viton_seals,12,3,rod_related,192,A3,A3!F48
A|LH,inch,viton_seals,12,3,piston,545,A3,A3!G48
A|LH,inch,extra_port,12,3,fixed_each,154,A3,A3!H48
A|LH,inch,air_bleed,12,3.5,fixed_each,305,A3,A3!C49
A|LH,inch,prox_switch,12,3.5,fixed_each,1284,A3,A3!D49
A|LH,inch,viton_seals,12,3.5,rod_related,240,A3,A3!F49
A|LH,inch,viton_seals,12,3.5,piston,545,A3,A3!G49
A|LH,inch,extra_port,12,3.5,fixed_each,154,A3,A3!H49
A|LH,inch,air_bleed,12,4,fixed_each,305,A3,A3!C50
A|LH,inch,prox_switch,12,4,fixed_each,1526,A3,A3!D50
A|LH,inch,viton_seals,12,4,rod_related,286,A3,A3!F50
A|LH,inch,viton_seals,12,4,piston,545,A3,A3!G50
A|LH,inch,extra_port,12,4,fixed_each,154,A3,A3!H50
A|LH,inch,air_bleed,14,2.5,fixed_each,372,A3,A3!C51
A|LH,inch,prox_switch,14,2.5,fixed_each,1536,A3,A3!D51
A|LH,inch,viton_seals,14,2.5,rod_related,159,A3,A3!F51
A|LH,inch,viton_seals,14,2.5,piston,1082,A3,A3!G51
A|LH,inch,extra_port,14,2.5,fixed_each,258,A3,A3!H51
A|LH,inch,air_bleed,14,3,fixed_each,372,A3,A3!C52
A|LH,inch,prox_switch,14,3,fixed_each,1542,A3,A3!D52
A|LH,inch,viton_seals,14,3,rod_related,192,A3,A3!F52
A|LH,inch,viton_seals,14,3,piston,1082,A3,A3!G52
A|LH,inch,extra_port,14,3,fixed_each,258,A3,A3!H52
A|LH,inch,air_bleed,14,3.5,fixed_each,372,A3,A3!C53
A|LH,inch,prox_switch,14,3.5,fixed_each,1828,A3,A3!D53
A|LH,inch,viton_seals,14,3.5,rod_related,240,A3,A3!F53
A|LH,inch,viton_seals,14,3.5,piston,1082,A3,A3!G53
A|LH,inch,extra_port,14,3.5,fixed_each,258,A3,A3!H53
A|LH,inch,air_bleed,14,4,fixed_each,372,A3,A3!C54
A|LH,inch,prox_switch,14,4,fixed_each,1845,A3,A3!D54
A|LH,inch,viton_seals,14,4,rod_related,286,A3,A3!F54
A|LH,inch,viton_seals,14,4,piston,1082,A3,A3!G54
A|LH,inch,extra_port,14,4,fixed_each,258,A3,A3!H54
A|LH,inch,extra_tie_rod,1.5,0.625,per_length,8,A4,A4!C8
A|LH,inch,ultraox,1.5,0.625,base,260,A4,A4!D8
A|LH,inch,ultraox,1.5,0.625,per_stroke,12,A4,A4!E8
A|LH,inch,extra_tie_rod,1.5,1,per_length,8,A4,A4!C9
A|LH,inch,ultraox,1.5,1,base,260,A4,A4!D9
A|LH,inch,ultraox,1.5,1,per_stroke,12,A4,A4!E9
A|LH,inch,extra_tie_rod,2,0.625,per_length,9,A4,A4!C10
A|LH,inch,ultraox,2,0.625,base,288,A4,A4!D10
A|LH,inch,ultraox,2,0.625,per_stroke,14,A4,A4!E10
A|LH,inch,extra_tie_rod,2,1,per_length,9,A4,A4!C11
A|LH,inch,ultraox,2,1,base,288,A4,A4!D11
A|LH,inch,ultraox,2,1,per_stroke,14,A4,A4!E11
A|LH,inch,extra_tie_rod,2,1.375,per_length,9,A4,A4!C12
A|LH,inch,ultraox,2,1.375,base,288,A4,A4!D12
A|LH,inch,ultraox,2,1.375,per_stroke,14,A4,A4!E12
A|LH,inch,extra_tie_rod,2.5,0.625,per_length,10,A4,A4!C13
A|LH,inch,ultraox,2.5,0.625,base,320,A4,A4!D13
A|LH,inch,ultraox,2.5,0.625,per_stroke,16,A4,A4!E13
A|LH,inch,extra_tie_rod,2.5,1,per_length,10,A4,A4!C14
A|LH,inch,ultraox,2.5,1,base,320,A4,A4!D14
A|LH,inch,ultraox,2.5,1,per_stroke,16,A4,A4!E14
A|LH,inch,extra_tie_rod,2.5,1.375,per_length,10,A4,A4!C15
A|LH,inch,ultraox,2.5,1.375,base,320,A4,A4!D15
A|LH,inch,ultraox,2.5,1.375,per_stroke,16,A4,A4!E15
A|LH,inch,extra_tie_rod,2.5,1.75,per_length,10,A4,A4!C16
A|LH,inch,ultraox,2.5,1.75,base,320,A4,A4!D16
A|LH,inch,ultraox,2.5,1.75,per_stroke,16,A4,A4!E16
A|LH,inch,extra_tie_rod,3.25,1,per_length,11,A4,A4!C17
A|LH,inch,ultraox,3.25,1,base,348,A4,A4!D17
A|LH,inch,ultraox,3.25,1,per_stroke,17,A4,A4!E17
A|LH,inch,extra_tie_rod,3.25,1.375,per_length,11,A4,A4!C18
A|LH,inch,ultraox,3.25,1.375,base,348,A4,A4!D18
A|LH,inch,ultraox,3.25,1.375,per_stroke,17,A4,A4!E18
A|LH,inch,extra_tie_rod,3.25,1.75,per_length,11,A4,A4!C19
A|LH,inch,ultraox,3.25,1.75,base,348,A4,A4!D19
A|LH,inch,ultraox,3.25,1.75,per_stroke,17,A4,A4!E19
A|LH,inch,extra_tie_rod,3.25,2,per_length,11,A4,A4!C20
A|LH,inch,ultraox,3.25,2,base,348,A4,A4!D20
A|LH,inch,ultraox,3.25,2,per_stroke,17,A4,A4!E20
A|LH,inch,extra_tie_rod,4,1,per_length,12,A4,A4!C21
A|LH,inch,ultraox,4,1,base,408,A4,A4!D21
A|LH,inch,ultraox,4,1,per_stroke,18,A4,A4!E21
A|LH,inch,extra_tie_rod,4,1.375,per_length,12,A4,A4!C22
A|LH,inch,ultraox,4,1.375,base,408,A4,A4!D22
A|LH,inch,ultraox,4,1.375,per_stroke,18,A4,A4!E22
A|LH,inch,extra_tie_rod,4,1.75,per_length,12,A4,A4!C23
A|LH,inch,ultraox,4,1.75,base,408,A4,A4!D23
A|LH,inch,ultraox,4,1.75,per_stroke,18,A4,A4!E23
A|LH,inch,extra_tie_rod,4,2,per_length,12,A4,A4!C24
A|LH,inch,ultraox,4,2,base,408,A4,A4!D24
A|LH,inch,ultraox,4,2,per_stroke,18,A4,A4!E24
A|LH,inch,extra_tie_rod,5,1,per_length,14,A4,A4!C25
A|LH,inch,ultraox,5,1,base,472,A4,A4!D25
A|LH,inch,ultraox,5,1,per_stroke,20,A4,A4!E25
A|LH,inch,extra_tie_rod,5,1.375,per_length,14,A4,A4!C26
A|LH,inch,ultraox,5,1.375,base,472,A4,A4!D26
A|LH,inch,ultraox,5,1.375,per_stroke,20,A4,A4!E26
A|LH,inch,extra_tie_rod,5,1.75,per_length,14,A4,A4!C27
A|LH,inch,ultraox,5,1.75,base,472,A4,A4!D27
A|LH,inch,ultraox,5,1.75,per_stroke,20,A4,A4!E27
A|LH,inch,extra_tie_rod,5,2,per_length,14,A4,A4!C28
A|LH,inch,ultraox,5,2,base,472,A4,A4!D28
A|LH,inch,ultraox,5,2,per_stroke,20,A4,A4!E28
A|LH,inch,extra_tie_rod,6,1.375,per_length,15,A4,A4!C29
A|LH,inch,ultraox,6,1.375,base,904,A4,A4!D29
A|LH,inch,ultraox,6,1.375,per_stroke,21,A4,A4!E29
A|LH,inch,extra_tie_rod,6,1.75,per_length,15,A4,A4!C30
A|LH,inch,ultraox,6,1.75,base,904,A4,A4!D30
A|LH,inch,ultraox,6,1.75,per_stroke,21,A4,A4!E30
A|LH,inch,extra_tie_rod,6,2,per_length,15,A4,A4!C31
A|LH,inch,ultraox,6,2,base,904,A4,A4!D31
A|LH,inch,ultraox,6,2,per_stroke,21,A4,A4!E31
A|LH,inch,extra_tie_rod,6,2.5,per_length,15,A4,A4!C32
A|LH,inch,ultraox,6,2.5,base,904,A4,A4!D32
A|LH,inch,ultraox,6,2.5,per_stroke,21,A4,A4!E32
A|LH,inch,extra_tie_rod,7,1.375,per_length,16,A4,A4!C33
A|LH,inch,ultraox,7,1.375,base,1452,A4,A4!D33
A|LH,inch,ultraox,7,1.375,per_stroke,29,A4,A4!E33
A|LH,inch,extra_tie_rod,7,1.75,per_length,16,A4,A4!C34
A|LH,inch,ultraox,7,1.75,base,1452,A4,A4!D34
A|LH,inch,ultraox,7,1.75,per_stroke,29,A4,A4!E34
A|LH,inch,extra_tie_rod,7,2,per_length,16,A4,A4!C35
A|LH,inch,ultraox,7,2,base,1452,A4,A4!D35
A|LH,inch,ultraox,7,2,per_stroke,29,A4,A4!E35
A|LH,inch,extra_tie_rod,7,2.5,per_length,16,A4,A4!C36
A|LH,inch,ultraox,7,2.5,base,1452,A4,A4!D36
A|LH,inch,ultraox,7,2.5,per_stroke,29,A4,A4!E36
A|LH,inch,extra_tie_rod,8,1.375,per_length,17,A4,A4!C37
A|LH,inch,ultraox,8,1.375,base,1604,A4,A4!D37
A|LH,inch,ultraox,8,1.375,per_stroke,34,A4,A4!E37
A|LH,inch,extra_tie_rod,8,1.75,per_length,17,A4,A4!C38
A|LH,inch,ultraox,8,1.75,base,1604,A4,A4!D38
A|LH,inch,ultraox,8,1.75,per_stroke,34,A4,A4!E38
A|LH,inch,extra_tie_rod,8,2,per_length,17,A4,A4!C39
A|LH,inch,ultraox,8,2,base,1604,A4,A4!D39
A|LH,inch,ultraox,8,2,per_stroke,34,A4,A4!E39
A|LH,inch,extra_tie_rod,8,2.5,per_length,17,A4,A4!C40
A|LH,inch,ultraox,8,2.5,base,1604,A4,A4!D40
A|LH,inch,ultraox,8,2.5,per_stroke,34,A4,A4!E40
A|LH,inch,extra_tie_rod,10,1.75,per_length,20,A4,A4!C41
A|LH,inch,ultraox,10,1.75,base,2008,A4,A4!D41
A|LH,inch,ultraox,10,1.75,per_stroke,42,A4,A4!E41
A|LH,inch,extra_tie_rod,10,2,per_length,20,A4,A4!C42
A|LH,inch,ultraox,10,2,base,2008,A4,A4!D42
A|LH,inch,ultraox,10,2,per_stroke,42,A4,A4!E42
A|LH,inch,extra_tie_rod,10,2.5,per_length,20,A4,A4!C43
A|LH,inch,ultraox,10,2.5,base,2008,A4,A4!D43
A|LH,inch,ultraox,10,2.5,per_stroke,42,A4,A4!E43
A|LH,inch,extra_tie_rod,10,3,per_length,20,A4,A4!C44
A|LH,inch,ultraox,10,3,base,2008,A4,A4!D44
A|LH,inch,ultraox,10,3,per_stroke,42,A4,A4!E44
A|LH,inch,extra_tie_rod,10,3.5,per_length,20,A4,A4!C45
A|LH,inch,ultraox,10,3.5,base,2008,A4,A4!D45
A|LH,inch,ultraox,10,3.5,per_stroke,42,A4,A4!E45
A|LH,inch,extra_tie_rod,12,2,per_length,22,A4,A4!C46
A|LH,inch,ultraox,12,2,base,2248,A4,A4!D46
A|LH,inch,ultraox,12,2,per_stroke,50,A4,A4!E46
A|LH,inch,extra_tie_rod,12,2.5,per_length,22,A4,A4!C47
A|LH,inch,ultraox,12,2.5,base,2248,A4,A4!D47
A|LH,inch,ultraox,12,2.5,per_stroke,50,A4,A4!E47
A|LH,inch,extra_tie_rod,12,3,per_length,22,A4,A4!C48
A|LH,inch,ultraox,12,3,base,2248,A4,A4!D48
A|LH,inch,ultraox,12,3,per_stroke,50,A4,A4!E48
A|LH,inch,extra_tie_rod,12,3.5,per_length,22,A4,A4!C49
A|LH,inch,ultraox,12,3.5,base,2248,A4,A4!D49
A|LH,inch,ultraox,12,3.5,per_stroke,50,A4,A4!E49
A|LH,inch,extra_tie_rod,12,4,per_length,22,A4,A4!C50
A|LH,inch,ultraox,12,4,base,2248,A4,A4!D50
A|LH,inch,ultraox,12,4,per_stroke,50,A4,A4!E50
A|LH,inch,extra_tie_rod,14,2.5,per_length,24,A4,A4!C51
A|LH,inch,ultraox,14,2.5,base,2680,A4,A4!D51
A|LH,inch,ultraox,14,2.5,per_stroke,57,A4,A4!E51
A|LH,inch,extra_tie_rod,14,3,per_length,24,A4,A4!C52
A|LH,inch,ultraox,14,3,base,2680,A4,A4!D52
A|LH,inch,ultraox,14,3,per_stroke,57,A4,A4!E52
A|LH,inch,extra_tie_rod,14,3.5,per_length,24,A4,A4!C53
A|LH,inch,ultraox,14,3.5,base,2680,A4,A4!D53
A|LH,inch,ultraox,14,3.5,per_stroke,57,A4,A4!E53
A|LH,inch,extra_tie_rod,14,4,per_length,24,A4,A4!C54
A|LH,inch,ultraox,14,4,base,2680,A4,A4!D54
A|LH,inch,ultraox,14,4,per_stroke,57,A4,A4!E54
IH|IHM|IMH,mm,rod_extension,25,12,per_length,0.6000000000000001,IH2,IH2!C8
IH|IHM|IMH,mm,stop_tube,25,12,base,60,IH2,IH2!D8
IH|IHM|IMH,mm,stop_tube,25,12,per_length,1.9500000000000002,IH2,IH2!E8
IH|IHM|IMH,mm,stainless_rod,25,12,base,36,IH2,IH2!F8
IH|IHM|IMH,mm,stainless_rod,25,12,per_stroke,0.2,IH2,IH2!G8
IH|IHM|IMH,mm,chrome_bore,25,12,base,490,IH2,IH2!H8
IH|IHM|IMH,mm,chrome_bore,25,12,per_stroke,0.8,IH2,IH2!I8
IH|IHM|IMH,mm,extra_thread,25,12,per_length,0.8500000000000001,IH2,IH2!J8
IH|IHM|IMH,mm,rod_extension,25,18,per_length,0.7000000000000001,IH2,IH2!C9
IH|IHM|IMH,mm,stop_tube,25,18,base,60,IH2,IH2!D9
IH|IHM|IMH,mm,stop_tube,25,18,per_length,2.25,IH2,IH2!E9
IH|IHM|IMH,mm,stainless_rod,25,18,base,64,IH2,IH2!F9
IH|IHM|IMH,mm,stainless_rod,25,18,per_stroke,0.25,IH2,IH2!G9
IH|IHM|IMH,mm,chrome_bore,25,18,base,490,IH2,IH2!H9
IH|IHM|IMH,mm,chrome_bore,25,18,per_stroke,0.8,IH2,IH2!I9
IH|IHM|IMH,mm,extra_thread,25,18,per_length,0.9,IH2,IH2!J9
IH|IHM|IMH,mm,rod_extension,32,14,per_length,0.7000000000000001,IH2,IH2!C10
IH|IHM|IMH,mm,stop_tube,32,14,base,70,IH2,IH2!D10
IH|IHM|IMH,mm,stop_tube,32,14,per_length,2.2,IH2,IH2!E10
IH|IHM|IMH,mm,stainless_rod,32,14,base,64,IH2,IH2!F10
IH|IHM|IMH,mm,stainless_rod,32,14,per_stroke,0.25,IH2,IH2!G10
IH|IHM|IMH,mm,chrome_bore,32,14,base,490,IH2,IH2!H10
IH|IHM|IMH,mm,chrome_bore,32,14,per_stroke,0.8,IH2,IH2!I10
IH|IHM|IMH,mm,extra_thread,32,14,per_length,0.9,IH2,IH2!J10
IH|IHM|IMH,mm,rod_extension,32,18,per_length,0.8,IH2,IH2!C11
IH|IHM|IMH,mm,stop_tube,32,18,base,70,IH2,IH2!D11
IH|IHM|IMH,mm,stop_tube,32,18,per_length,2.85,IH2,IH2!E11
IH|IHM|IMH,mm,stainless_rod,32,18,base,80,IH2,IH2!F11
IH|IHM|IMH,mm,stainless_rod,32,18,per_stroke,0.4,IH2,IH2!G11
IH|IHM|IMH,mm,chrome_bore,32,18,base,490,IH2,IH2!H11
IH|IHM|IMH,mm,chrome_bore,32,18,per_stroke,0.8,IH2,IH2!I11
IH|IHM|IMH,mm,extra_thread,32,18,per_length,1.05,IH2,IH2!J11
IH|IHM|IMH,mm,rod_extension,32,22,per_length,0.7000000000000001,IH2,IH2!C12
IH|IHM|IMH,mm,stop_tube,32,22,base,70,IH2,IH2!D12
IH|IHM|IMH,mm,stop_tube,32,22,per_length,2.2,IH2,IH2!E12
IH|IHM|IMH,mm,stainless_rod,32,22,base,150,IH2,IH2!F12
IH|IHM|IMH,mm,stainless_rod,32,22,per_stroke,0.25,IH2,IH2!G12
IH|IHM|IMH,mm,chrome_bore,32,22,base,490,IH2,IH2!H12
IH|IHM|IMH,mm,chrome_bore,32,22,per_stroke,0.8,IH2,IH2!I12
IH|IHM|IMH,mm,extra_thread,32,22,per_length,0.9,IH2,IH2!J12
IH|IHM|IMH,mm,rod_extension,40,18,per_length,0.8,IH2,IH2!C13
IH|IHM|IMH,mm,stop_tube,40,18,base,80,IH2,IH2!D13
IH|IHM|IMH,mm,stop_tube,40,18,per_length,2.4000000000000004,IH2,IH2!E13
IH|IHM|IMH,mm,stainless_rod,40,18,base,100,IH2,IH2!F13
IH|IHM|IMH,mm,stainless_rod,40,18,per_stroke,0.4,IH2,IH2!G13
IH|IHM|IMH,mm,chrome_bore,40,18,base,490,IH2,IH2!H13
IH|IHM|IMH,mm,chrome_bore,40,18,per_stroke,0.8,IH2,IH2!I13
IH|IHM|IMH,mm,extra_thread,40,18,per_length,1.05,IH2,IH2!J13
IH|IHM|IMH,mm,rod_extension,40,22,per_length,0.8500000000000001,IH2,IH2!C14
IH|IHM|IMH,mm,stop_tube,40,22,base,80,IH2,IH2!D14
IH|IHM|IMH,mm,stop_tube,40,22,per_length,2.85,IH2,IH2!E14
IH|IHM|IMH,mm,stainless_rod,40,22,base,264,IH2,IH2!F14
IH|IHM|IMH,mm,stainless_rod,40,22,per_stroke,0.45,IH2,IH2!G14
IH|IHM|IMH,mm,chrome_bore,40,22,base,490,IH2,IH2!H14
IH|IHM|IMH,mm,chrome_bore,40,22,per_stroke,0.8,IH2,IH2!I14
IH|IHM|IMH,mm,extra_thread,40,22,per_length,1.3,IH2,IH2!J14
IH|IHM|IMH,mm,rod_extension,40,28,per_length,0.8,IH2,IH2!C15
IH|IHM|IMH,mm,stop_tube,40,28,base,80,IH2,IH2!D15
IH|IHM|IMH,mm,stop_tube,40,28,per_length,2.6500000000000004,IH2,IH2!E15
IH|IHM|IMH,mm,stainless_rod,40,28,base,350,IH2,IH2!F15
IH|IHM|IMH,mm,stainless_rod,40,28,per_stroke,0.4,IH2,IH2!G15
IH|IHM|IMH,mm,chrome_bore,40,28,base,490,IH2,IH2!H15
IH|IHM|IMH,mm,chrome_bore,40,28,per_stroke,0.8,IH2,IH2!I15
IH|IHM|IMH,mm,extra_thread,40,28,per_length,1.05,IH2,IH2!J15
IH|IHM|IMH,mm,rod_extension,50,22,per_length,0.8500000000000001,IH2,IH2!C16
IH|IHM|IMH,mm,stop_tube,50,22,base,90,IH2,IH2!D16
IH|IHM|IMH,mm,stop_tube,50,22,per_length,3.1,IH2,IH2!E16
IH|IHM|IMH,mm,stainless_rod,50,22,base,280,IH2,IH2!F16
IH|IHM|IMH,mm,stainless_rod,50,22,per_stroke,0.45,IH2,IH2!G16
IH|IHM|IMH,mm,chrome_bore,50,22,base,490,IH2,IH2!H16
IH|IHM|IMH,mm,chrome_bore,50,22,per_stroke,0.8,IH2,IH2!I16
IH|IHM|IMH,mm,extra_thread,50,22,per_length,1.3,IH2,IH2!J16
IH|IHM|IMH,mm,rod_extension,50,28,per_length,0.9,IH2,IH2!C17
IH|IHM|IMH,mm,stop_tube,50,28,base,90,IH2,IH2!D17
IH|IHM|IMH,mm,stop_tube,50,28,per_length,4.05,IH2,IH2!E17
IH|IHM|IMH,mm,stainless_rod,50,28,base,382,IH2,IH2!F17
IH|IHM|IMH,mm,stainless_rod,50,28,per_stroke,0.55,IH2,IH2!G17
IH|IHM|IMH,mm,chrome_bore,50,28,base,490,IH2,IH2!H17
IH|IHM|IMH,mm,chrome_bore,50,28,per_stroke,0.8,IH2,IH2!I17
IH|IHM|IMH,mm,extra_thread,50,28,per_length,1.4000000000000001,IH2,IH2!J17
IH|IHM|IMH,mm,rod_extension,50,36,per_length,0.8500000000000001,IH2,IH2!C18
IH|IHM|IMH,mm,stop_tube,50,36,base,90,IH2,IH2!D18
IH|IHM|IMH,mm,stop_tube,50,36,per_length,3.5,IH2,IH2!E18
IH|IHM|IMH,mm,stainless_rod,50,36,base,500,IH2,IH2!F18
IH|IHM|IMH,mm,stainless_rod,50,36,per_stroke,0.45,IH2,IH2!G18
IH|IHM|IMH,mm,chrome_bore,50,36,base,490,IH2,IH2!H18
IH|IHM|IMH,mm,chrome_bore,50,36,per_stroke,0.8500000000000001,IH2,IH2!I18
IH|IHM|IMH,mm,extra_thread,50,36,per_length,1.3,IH2,IH2!J18
IH|IHM|IMH,mm,rod_extension,63,28,per_length,0.9,IH2,IH2!C19
IH|IHM|IMH,mm,stop_tube,63,28,base,150,IH2,IH2!D19
IH|IHM|IMH,mm,stop_tube,63,28,per_length,3.6,IH2,IH2!E19
IH|IHM|IMH,mm,stainless_rod,63,28,base,400,IH2,IH2!F19
IH|IHM|IMH,mm,stainless_rod,63,28,per_stroke,0.55,IH2,IH2!G19
IH|IHM|IMH,mm,chrome_bore,63,28,base,490,IH2,IH2!H19
IH|IHM|IMH,mm,chrome_bore,63,28,per_stroke,0.8500000000000001,IH2,IH2!I19
IH|IHM|IMH,mm,extra_thread,63,28,per_length,1.4000000000000001,IH2,IH2!J19
IH|IHM|IMH,mm,rod_extension,63,36,per_length,1.05,IH2,IH2!C20
IH|IHM|IMH,mm,stop_tube,63,36,base,150,IH2,IH2!D20
IH|IHM|IMH,mm,stop_tube,63,36,per_length,4.65,IH2,IH2!E20
IH|IHM|IMH,mm,stainless_rod,63,36,base,729,IH2,IH2!F20
IH|IHM|IMH,mm,stainless_rod,63,36,per_stroke,0.8,IH2,IH2!G20
IH|IHM|IMH,mm,chrome_bore,63,36,base,490,IH2,IH2!H20
IH|IHM|IMH,mm,chrome_bore,63,36,per_stroke,0.8500000000000001,IH2,IH2!I20
IH|IHM|IMH,mm,extra_thread,63,36,per_length,1.5,IH2,IH2!J20
IH|IHM|IMH,mm,rod_extension,63,45,per_length,2,IH2,IH2!C21
IH|IHM|IMH,mm,stop_tube,63,45,base,150,IH2,IH2!D21
IH|IHM|IMH,mm,stop_tube,63,45,per_length,4.5,IH2,IH2!E21
IH|IHM|IMH,mm,stainless_rod,63,45,base,900,IH2,IH2!F21
IH|IHM|IMH,mm,stainless_rod,63,45,per_stroke,0.55,IH2,IH2!G21
IH|IHM|IMH,mm,chrome_bore,63,45,base,510,IH2,IH2!H21
IH|IHM|IMH,mm,chrome_bore,63,45,per_stroke,0.8500000000000001,IH2,IH2!I21
IH|IHM|IMH,mm,extra_thread,63,45,per_length,1.4000000000000001,IH2,IH2!J21
IH|IHM|IMH,mm,rod_extension,80,36,per_length,1.05,IH2,IH2!C22
IH|IHM|IMH,mm,stop_tube,80,36,base,180,IH2,IH2!D22
IH|IHM|IMH,mm,stop_tube,80,36,per_length,5,IH2,IH2!E22
IH|IHM|IMH,mm,stainless_rod,80,36,base,729,IH2,IH2!F22
IH|IHM|IMH,mm,stainless_rod,80,36,per_stroke,0.8,IH2,IH2!G22
IH|IHM|IMH,mm,chrome_bore,80,36,base,510,IH2,IH2!H22
IH|IHM|IMH,mm,chrome_bore,80,36,per_stroke,0.8500000000000001,IH2,IH2!I22
IH|IHM|IMH,mm,extra_thread,80,36,per_length,1.5,IH2,IH2!J22
IH|IHM|IMH,mm,rod_extension,80,45,per_length,2,IH2,IH2!C23
IH|IHM|IMH,mm,stop_tube,80,45,base,180,IH2,IH2!D23
IH|IHM|IMH,mm,stop_tube,80,45,per_length,5.9,IH2,IH2!E23
IH|IHM|IMH,mm,stainless_rod,80,45,base,1119,IH2,IH2!F23
IH|IHM|IMH,mm,stainless_rod,80,45,per_stroke,1.05,IH2,IH2!G23
IH|IHM|IMH,mm,chrome_bore,80,45,base,510,IH2,IH2!H23
IH|IHM|IMH,mm,chrome_bore,80,45,per_stroke,0.8500000000000001,IH2,IH2!I23
IH|IHM|IMH,mm,extra_thread,80,45,per_length,2.9000000000000004,IH2,IH2!J23
IH|IHM|IMH,mm,rod_extension,80,56,per_length,3,IH2,IH2!C24
IH|IHM|IMH,mm,stop_tube,80,56,base,180,IH2,IH2!D24
IH|IHM|IMH,mm,stop_tube,80,56,per_length,6.550000000000001,IH2,IH2!E24
IH|IHM|IMH,mm,stainless_rod,80,56,base,1414,IH2,IH2!F24
IH|IHM|IMH,mm,stainless_rod,80,56,per_stroke,1.4000000000000001,IH2,IH2!G24
IH|IHM|IMH,mm,chrome_bore,80,56,base,510,IH2,IH2!H24
IH|IHM|IMH,mm,chrome_bore,80,56,per_stroke,0.8500000000000001,IH2,IH2!I24
IH|IHM|IMH,mm,extra_thread,80,56,per_length,3.4000000000000004,IH2,IH2!J24
IH|IHM|IMH,mm,rod_extension,100,45,per_length,2,IH2,IH2!C25
IH|IHM|IMH,mm,stop_tube,100,45,base,250,IH2,IH2!D25
IH|IHM|IMH,mm,stop_tube,100,45,per_length,5.6000000000000005,IH2,IH2!E25
IH|IHM|IMH,mm,stainless_rod,100,45,base,1200,IH2,IH2!F25
IH|IHM|IMH,mm,stainless_rod,100,45,per_stroke,0.8,IH2,IH2!G25
IH|IHM|IMH,mm,chrome_bore,100,45,base,510,IH2,IH2!H25
IH|IHM|IMH,mm,chrome_bore,100,45,per_stroke,0.8500000000000001,IH2,IH2!I25
IH|IHM|IMH,mm,extra_thread,100,45,per_length,1.5,IH2,IH2!J25
IH|IHM|IMH,mm,rod_extension,100,56,per_length,3,IH2,IH2!C26
IH|IHM|IMH,mm,stop_tube,100,56,base,250,IH2,IH2!D26
IH|IHM|IMH,mm,stop_tube,100,56,per_length,6.2,IH2,IH2!E26
IH|IHM|IMH,mm,stainless_rod,100,56,base,1500,IH2,IH2!F26
IH|IHM|IMH,mm,stainless_rod,100,56,per_stroke,1.05,IH2,IH2!G26
IH|IHM|IMH,mm,chrome_bore,100,56,base,510,IH2,IH2!H26
IH|IHM|IMH,mm,chrome_bore,100,56,per_stroke,0.8500000000000001,IH2,IH2!I26
IH|IHM|IMH,mm,extra_thread,100,56,per_length,2.9000000000000004,IH2,IH2!J26
IH|IHM|IMH,mm,rod_extension,100,70,per_length,4,IH2,IH2!C27
IH|IHM|IMH,mm,stop_tube,100,70,base,250,IH2,IH2!D27
IH|IHM|IMH,mm,stop_tube,100,70,per_length,7.15,IH2,IH2!E27
IH|IHM|IMH,mm,stainless_rod,100,70,base,1600,IH2,IH2!F27
IH|IHM|IMH,mm,stainless_rod,100,70,per_stroke,1.4000000000000001,IH2,IH2!G27
IH|IHM|IMH,mm,chrome_bore,100,70,base,510,IH2,IH2!H27
IH|IHM|IMH,mm,chrome_bore,100,70,per_stroke,0.8500000000000001,IH2,IH2!I27
IH|IHM|IMH,mm,extra_thread,100,70,per_length,3.4000000000000004,IH2,IH2!J27
IH|IHM|IMH,mm,rod_extension,125,56,per_length,3,IH2,IH2!C28
IH|IHM|IMH,mm,stop_tube,125,56,base,350,IH2,IH2!D28
IH|IHM|IMH,mm,stop_tube,125,56,per_length,8.1,IH2,IH2!E28
IH|IHM|IMH,mm,stainless_rod,125,56,base,1685,IH2,IH2!F28
IH|IHM|IMH,mm,stainless_rod,125,56,per_stroke,1.9500000000000002,IH2,IH2!G28
IH|IHM|IMH,mm,chrome_bore,125,56,base,510,IH2,IH2!H28
IH|IHM|IMH,mm,chrome_bore,125,56,per_stroke,0.8500000000000001,IH2,IH2!I28
IH|IHM|IMH,mm,extra_thread,125,56,per_length,4.2,IH2,IH2!J28
IH|IHM|IMH,mm,rod_extension,125,70,per_length,4,IH2,IH2!C29
IH|IHM|IMH,mm,stop_tube,125,70,base,350,IH2,IH2!D29
IH|IHM|IMH,mm,stop_tube,125,70,per_length,7.15,IH2,IH2!E29
IH|IHM|IMH,mm,stainless_rod,125,70,base,1800,IH2,IH2!F29
IH|IHM|IMH,mm,stainless_rod,125,70,per_stroke,1.05,IH2,IH2!G29
IH|IHM|IMH,mm,chrome_bore,125,70,base,513,IH2,IH2!H29
IH|IHM|IMH,mm,chrome_bore,125,70,per_stroke,0.9,IH2,IH2!I29
IH|IHM|IMH,mm,extra_thread,125,70,per_length,2.9000000000000004,IH2,IH2!J29
IH|IHM|IMH,mm,rod_extension,125,90,per_length,5,IH2,IH2!C30
IH|IHM|IMH,mm,stop_tube,125,90,base,350,IH2,IH2!D30
IH|IHM|IMH,mm,stop_tube,125,90,per_length,7.9,IH2,IH2!E30
IH|IHM|IMH,mm,stainless_rod,125,90,base,2000,IH2,IH2!F30
IH|IHM|IMH,mm,stainless_rod,125,90,per_stroke,1.4000000000000001,IH2,IH2!G30
IH|IHM|IMH,mm,chrome_bore,125,90,base,513,IH2,IH2!H30
IH|IHM|IMH,mm,chrome_bore,125,90,per_stroke,0.9,IH2,IH2!I30
IH|IHM|IMH,mm,extra_thread,125,90,per_length,3.4000000000000004,IH2,IH2!J30
IH|IHM|IMH,mm,rod_extension,160,70,per_length,2.7,IH2,IH2!C31
IH|IHM|IMH,mm,stop_tube,160,70,base,500,IH2,IH2!D31
IH|IHM|IMH,mm,stop_tube,160,70,per_length,8.85,IH2,IH2!E31
IH|IHM|IMH,mm,stainless_rod,160,70,base,1900,IH2,IH2!F31
IH|IHM|IMH,mm,stainless_rod,160,70,per_stroke,1.9500000000000002,IH2,IH2!G31
IH|IHM|IMH,mm,chrome_bore,160,70,base,513,IH2,IH2!H31
IH|IHM|IMH,mm,chrome_bore,160,70,per_stroke,0.9,IH2,IH2!I31
IH|IHM|IMH,mm,extra_thread,160,70,per_length,4.2,IH2,IH2!J31
IH|IHM|IMH,mm,rod_extension,160,90,per_length,5,IH2,IH2!C32
IH|IHM|IMH,mm,stop_tube,160,90,base,500,IH2,IH2!D32
IH|IHM|IMH,mm,stop_tube,160,90,per_length,10.100000000000001,IH2,IH2!E32
IH|IHM|IMH,mm,stainless_rod,160,90,base,2704,IH2,IH2!F32
IH|IHM|IMH,mm,stainless_rod,160,90,per_stroke,2.9000000000000004,IH2,IH2!G32
IH|IHM|IMH,mm,chrome_bore,160,90,base,513,IH2,IH2!H32
IH|IHM|IMH,mm,chrome_bore,160,90,per_stroke,0.9,IH2,IH2!I32
IH|IHM|IMH,mm,extra_thread,160,90,per_length,5.050000000000001,IH2,IH2!J32
IH|IHM|IMH,mm,rod_extension,160,110,per_length,10,IH2,IH2!C33
IH|IHM|IMH,mm,stop_tube,160,110,base,500,IH2,IH2!D33
IH|IHM|IMH,mm,stop_tube,160,110,per_length,11.3,IH2,IH2!E33
IH|IHM|IMH,mm,stainless_rod,160,110,base,3464,IH2,IH2!F33
IH|IHM|IMH,mm,stainless_rod,160,110,per_stroke,3.5,IH2,IH2!G33
IH|IHM|IMH,mm,chrome_bore,160,110,base,513,IH2,IH2!H33
IH|IHM|IMH,mm,chrome_bore,160,110,per_stroke,0.9,IH2,IH2!I33
IH|IHM|IMH,mm,extra_thread,160,110,per_length,6.15,IH2,IH2!J33
IH|IHM|IMH,mm,rod_extension,200,90,per_length,5,IH2,IH2!C34
IH|IHM|IMH,mm,stop_tube,200,90,base,800,IH2,IH2!D34
IH|IHM|IMH,mm,stop_tube,200,90,per_length,9.55,IH2,IH2!E34
IH|IHM|IMH,mm,stainless_rod,200,90,base,2704,IH2,IH2!F34
IH|IHM|IMH,mm,stainless_rod,200,90,per_stroke,1.4000000000000001,IH2,IH2!G34
IH|IHM|IMH,mm,chrome_bore,200,90,base,513,IH2,IH2!H34
IH|IHM|IMH,mm,chrome_bore,200,90,per_stroke,1,IH2,IH2!I34
IH|IHM|IMH,mm,extra_thread,200,90,per_length,3.4000000000000004,IH2,IH2!J34
IH|IHM|IMH,mm,rod_extension,200,110,per_length,10,IH2,IH2!C35
IH|IHM|IMH,mm,stop_tube,200,110,base,800,IH2,IH2!D35
IH|IHM|IMH,mm,stop_tube,200,110,per_length,10.200000000000001,IH2,IH2!E35
IH|IHM|IMH,mm,stainless_rod,200,110,base,3464,IH2,IH2!F35
IH|IHM|IMH,mm,stainless_rod,200,110,per_stroke,1.9500000000000002,IH2,IH2!G35
IH|IHM|IMH,mm,chrome_bore,200,110,base,513,IH2,IH2!H35
IH|IHM|IMH,mm,chrome_bore,200,110,per_stroke,1,IH2,IH2!I35
IH|IHM|IMH,mm,extra_thread,200,110,per_length,4.2,IH2,IH2!J35
IH|IHM|IMH,mm,rod_extension,200,140,per_length,20,IH2,IH2!C36
IH|IHM|IMH,mm,stop_tube,200,140,base,800,IH2,IH2!D36
IH|IHM|IMH,mm,stop_tube,200,140,per_length,11.8,IH2,IH2!E36
IH|IHM|IMH,mm,stainless_rod,200,140,base,5000,IH2,IH2!F36
IH|IHM|IMH,mm,stainless_rod,200,140,per_stroke,2.9000000000000004,IH2,IH2!G36
IH|IHM|IMH,mm,chrome_bore,200,140,base,513,IH2,IH2!H36
IH|IHM|IMH,mm,chrome_bore,200,140,per_stroke,1,IH2,IH2!I36
IH|IHM|IMH,mm,extra_thread,200,140,per_length,5.050000000000001,IH2,IH2!J36
IH|IHM|IMH,mm,rod_gland_drain,25,12,fixed,356,IH3,IH3!C8
IH|IHM|IMH,mm,air_bleed,25,12,fixed_each,164,IH3,IH3!D8
IH|IHM|IMH,mm,prox_switch,25,12,fixed_each,600,IH3,IH3!E8
IH|IHM|IMH,mm,brass_wiper,25,12,fixed,80,IH3,IH3!F8
IH|IHM|IMH,mm,viton_highload_metric,25,12,rod,28,IH3,IH3!G8
IH|IHM|IMH,mm,viton_highload_metric,25,12,piston,75,IH3,IH3!H8
IH|IHM|IMH,mm,extra_port,25,12,fixed_each,87,IH3,IH3!I8
IH|IHM|IMH,mm,rod_gland_drain,25,18,fixed,426,IH3,IH3!C9
IH|IHM|IMH,mm,air_bleed,25,18,fixed_each,164,IH3,IH3!D9
IH|IHM|IMH,mm,prox_switch,25,18,fixed_each,600,IH3,IH3!E9
IH|IHM|IMH,mm,brass_wiper,25,18,fixed,83,IH3,IH3!F9
IH|IHM|IMH,mm,viton_highload_metric,25,18,rod,38,IH3,IH3!G9
IH|IHM|IMH,mm,viton_highload_metric,25,18,piston,75,IH3,IH3!H9
IH|IHM|IMH,mm,extra_port,25,18,fixed_each,87,IH3,IH3!I9
IH|IHM|IMH,mm,rod_gland_drain,32,14,fixed,426,IH3,IH3!C10
IH|IHM|IMH,mm,air_bleed,32,14,fixed_each,173,IH3,IH3!D10
IH|IHM|IMH,mm,prox_switch,32,14,fixed_each,600,IH3,IH3!E10
IH|IHM|IMH,mm,brass_wiper,32,14,fixed,83,IH3,IH3!F10
IH|IHM|IMH,mm,viton_highload_metric,32,14,rod,38,IH3,IH3!G10
IH|IHM|IMH,mm,viton_highload_metric,32,14,piston,112,IH3,IH3!H10
IH|IHM|IMH,mm,extra_port,32,14,fixed_each,90,IH3,IH3!I10
IH|IHM|IMH,mm,rod_gland_drain,32,18,fixed,435,IH3,IH3!C11
IH|IHM|IMH,mm,air_bleed,32,18,fixed_each,173,IH3,IH3!D11
IH|IHM|IMH,mm,prox_switch,32,18,fixed_each,600,IH3,IH3!E11
IH|IHM|IMH,mm,brass_wiper,32,18,fixed,107,IH3,IH3!F11
IH|IHM|IMH,mm,viton_highload_metric,32,18,rod,64,IH3,IH3!G11
IH|IHM|IMH,mm,viton_highload_metric,32,18,piston,112,IH3,IH3!H11
IH|IHM|IMH,mm,extra_port,32,18,fixed_each,90,IH3,IH3!I11
IH|IHM|IMH,mm,rod_gland_drain,32,22,fixed,426,IH3,IH3!C12
IH|IHM|IMH,mm,air_bleed,32,22,fixed_each,179,IH3,IH3!D12
IH|IHM|IMH,mm,prox_switch,32,22,fixed_each,600,IH3,IH3!E12
IH|IHM|IMH,mm,brass_wiper,32,22,fixed,83,IH3,IH3!F12
IH|IHM|IMH,mm,viton_highload_metric,32,22,rod,38,IH3,IH3!G12
IH|IHM|IMH,mm,viton_highload_metric,32,22,piston,143,IH3,IH3!H12
IH|IHM|IMH,mm,extra_port,32,22,fixed_each,95,IH3,IH3!I12
IH|IHM|IMH,mm,rod_gland_drain,40,18,fixed,435,IH3,IH3!C13
IH|IHM|IMH,mm,air_bleed,40,18,fixed_each,179,IH3,IH3!D13
IH|IHM|IMH,mm,prox_switch,40,18,fixed_each,600,IH3,IH3!E13
IH|IHM|IMH,mm,brass_wiper,40,18,fixed,107,IH3,IH3!F13
IH|IHM|IMH,mm,viton_highload_metric,40,18,rod,64,IH3,IH3!G13
IH|IHM|IMH,mm,viton_highload_metric,40,18,piston,143,IH3,IH3!H13
IH|IHM|IMH,mm,extra_port,40,18,fixed_each,95,IH3,IH3!I13
IH|IHM|IMH,mm,rod_gland_drain,40,22,fixed,445,IH3,IH3!C14
IH|IHM|IMH,mm,air_bleed,40,22,fixed_each,179,IH3,IH3!D14
IH|IHM|IMH,mm,prox_switch,40,22,fixed_each,600,IH3,IH3!E14
IH|IHM|IMH,mm,brass_wiper,40,22,fixed,147,IH3,IH3!F14
IH|IHM|IMH,mm,viton_highload_metric,40,22,rod,70,IH3,IH3!G14
IH|IHM|IMH,mm,viton_highload_metric,40,22,piston,143,IH3,IH3!H14
IH|IHM|IMH,mm,extra_port,40,22,fixed_each,95,IH3,IH3!I14
IH|IHM|IMH,mm,rod_gland_drain,40,28,fixed,435,IH3,IH3!C15
IH|IHM|IMH,mm,air_bleed,40,28,fixed_each,188,IH3,IH3!D15
IH|IHM|IMH,mm,prox_switch,40,28,fixed_each,600,IH3,IH3!E15
IH|IHM|IMH,mm,brass_wiper,40,28,fixed,107,IH3,IH3!F15
IH|IHM|IMH,mm,viton_highload_metric,40,28,rod,64,IH3,IH3!G15
IH|IHM|IMH,mm,viton_highload_metric,40,28,piston,190,IH3,IH3!H15
IH|IHM|IMH,mm,extra_port,40,28,fixed_each,100,IH3,IH3!I15
IH|IHM|IMH,mm,rod_gland_drain,50,22,fixed,445,IH3,IH3!C16
IH|IHM|IMH,mm,air_bleed,50,22,fixed_each,188,IH3,IH3!D16
IH|IHM|IMH,mm,prox_switch,50,22,fixed_each,600,IH3,IH3!E16
IH|IHM|IMH,mm,brass_wiper,50,22,fixed,147,IH3,IH3!F16
IH|IHM|IMH,mm,viton_highload_metric,50,22,rod,70,IH3,IH3!G16
IH|IHM|IMH,mm,viton_highload_metric,50,22,piston,190,IH3,IH3!H16
IH|IHM|IMH,mm,extra_port,50,22,fixed_each,100,IH3,IH3!I16
IH|IHM|IMH,mm,rod_gland_drain,50,28,fixed,455,IH3,IH3!C17
IH|IHM|IMH,mm,air_bleed,50,28,fixed_each,188,IH3,IH3!D17
IH|IHM|IMH,mm,prox_switch,50,28,fixed_each,600,IH3,IH3!E17
IH|IHM|IMH,mm,brass_wiper,50,28,fixed,224,IH3,IH3!F17
IH|IHM|IMH,mm,viton_highload_metric,50,28,rod,111,IH3,IH3!G17
IH|IHM|IMH,mm,viton_highload_metric,50,28,piston,190,IH3,IH3!H17
IH|IHM|IMH,mm,extra_port,50,28,fixed_each,100,IH3,IH3!I17
IH|IHM|IMH,mm,rod_gland_drain,50,36,fixed,445,IH3,IH3!C18
IH|IHM|IMH,mm,air_bleed,50,36,fixed_each,198,IH3,IH3!D18
IH|IHM|IMH,mm,prox_switch,50,36,fixed_each,600,IH3,IH3!E18
IH|IHM|IMH,mm,brass_wiper,50,36,fixed,147,IH3,IH3!F18
IH|IHM|IMH,mm,viton_highload_metric,50,36,rod,70,IH3,IH3!G18
IH|IHM|IMH,mm,viton_highload_metric,50,36,piston,232,IH3,IH3!H18
IH|IHM|IMH,mm,extra_port,50,36,fixed_each,110,IH3,IH3!I18
IH|IHM|IMH,mm,rod_gland_drain,63,28,fixed,455,IH3,IH3!C19
IH|IHM|IMH,mm,air_bleed,63,28,fixed_each,198,IH3,IH3!D19
IH|IHM|IMH,mm,prox_switch,63,28,fixed_each,600,IH3,IH3!E19
IH|IHM|IMH,mm,brass_wiper,63,28,fixed,224,IH3,IH3!F19
IH|IHM|IMH,mm,viton_highload_metric,63,28,rod,112,IH3,IH3!G19
IH|IHM|IMH,mm,viton_highload_metric,63,28,piston,232,IH3,IH3!H19
IH|IHM|IMH,mm,extra_port,63,28,fixed_each,110,IH3,IH3!I19
IH|IHM|IMH,mm,rod_gland_drain,63,36,fixed,460,IH3,IH3!C20
IH|IHM|IMH,mm,air_bleed,63,36,fixed_each,198,IH3,IH3!D20
IH|IHM|IMH,mm,prox_switch,63,36,fixed_each,600,IH3,IH3!E20
IH|IHM|IMH,mm,brass_wiper,63,36,fixed,401,IH3,IH3!F20
IH|IHM|IMH,mm,viton_highload_metric,63,36,rod,180,IH3,IH3!G20
IH|IHM|IMH,mm,viton_highload_metric,63,36,piston,232,IH3,IH3!H20
IH|IHM|IMH,mm,extra_port,63,36,fixed_each,110,IH3,IH3!I20
IH|IHM|IMH,mm,rod_gland_drain,63,45,fixed,455,IH3,IH3!C21
IH|IHM|IMH,mm,air_bleed,63,45,fixed_each,207,IH3,IH3!D21
IH|IHM|IMH,mm,prox_switch,63,45,fixed_each,600,IH3,IH3!E21
IH|IHM|IMH,mm,brass_wiper,63,45,fixed,224,IH3,IH3!F21
IH|IHM|IMH,mm,viton_highload_metric,63,45,rod,111,IH3,IH3!G21
IH|IHM|IMH,mm,viton_highload_metric,63,45,piston,527,IH3,IH3!H21
IH|IHM|IMH,mm,extra_port,63,45,fixed_each,114,IH3,IH3!I21
IH|IHM|IMH,mm,rod_gland_drain,80,36,fixed,460,IH3,IH3!C22
IH|IHM|IMH,mm,air_bleed,80,36,fixed_each,207,IH3,IH3!D22
IH|IHM|IMH,mm,prox_switch,80,36,fixed_each,600,IH3,IH3!E22
IH|IHM|IMH,mm,brass_wiper,80,36,fixed,401,IH3,IH3!F22
IH|IHM|IMH,mm,viton_highload_metric,80,36,rod,180,IH3,IH3!G22
IH|IHM|IMH,mm,viton_highload_metric,80,36,piston,527,IH3,IH3!H22
IH|IHM|IMH,mm,extra_port,80,36,fixed_each,114,IH3,IH3!I22
IH|IHM|IMH,mm,rod_gland_drain,80,45,fixed,488,IH3,IH3!C23
IH|IHM|IMH,mm,air_bleed,80,45,fixed_each,207,IH3,IH3!D23
IH|IHM|IMH,mm,prox_switch,80,45,fixed_each,600,IH3,IH3!E23
IH|IHM|IMH,mm,brass_wiper,80,45,fixed,443,IH3,IH3!F23
IH|IHM|IMH,mm,viton_highload_metric,80,45,rod,236,IH3,IH3!G23
IH|IHM|IMH,mm,viton_highload_metric,80,45,piston,527,IH3,IH3!H23
IH|IHM|IMH,mm,extra_port,80,45,fixed_each,114,IH3,IH3!I23
IH|IHM|IMH,mm,rod_gland_drain,80,56,fixed,515,IH3,IH3!C24
IH|IHM|IMH,mm,air_bleed,80,56,fixed_each,207,IH3,IH3!D24
IH|IHM|IMH,mm,prox_switch,80,56,fixed_each,600,IH3,IH3!E24
IH|IHM|IMH,mm,brass_wiper,80,56,fixed,620,IH3,IH3!F24
IH|IHM|IMH,mm,viton_highload_metric,80,56,rod,278,IH3,IH3!G24
IH|IHM|IMH,mm,viton_highload_metric,80,56,piston,527,IH3,IH3!H24
IH|IHM|IMH,mm,extra_port,80,56,fixed_each,114,IH3,IH3!I24
IH|IHM|IMH,mm,rod_gland_drain,100,45,fixed,460,IH3,IH3!C25
IH|IHM|IMH,mm,air_bleed,100,45,fixed_each,218,IH3,IH3!D25
IH|IHM|IMH,mm,prox_switch,100,45,fixed_each,600,IH3,IH3!E25
IH|IHM|IMH,mm,brass_wiper,100,45,fixed,401,IH3,IH3!F25
IH|IHM|IMH,mm,viton_highload_metric,100,45,rod,180,IH3,IH3!G25
IH|IHM|IMH,mm,viton_highload_metric,100,45,piston,550,IH3,IH3!H25
IH|IHM|IMH,mm,extra_port,100,45,fixed_each,123,IH3,IH3!I25
IH|IHM|IMH,mm,rod_gland_drain,100,56,fixed,488,IH3,IH3!C26
IH|IHM|IMH,mm,air_bleed,100,56,fixed_each,218,IH3,IH3!D26
IH|IHM|IMH,mm,prox_switch,100,56,fixed_each,600,IH3,IH3!E26
IH|IHM|IMH,mm,brass_wiper,100,56,fixed,443,IH3,IH3!F26
IH|IHM|IMH,mm,viton_highload_metric,100,56,rod,230,IH3,IH3!G26
IH|IHM|IMH,mm,viton_highload_metric,100,56,piston,550,IH3,IH3!H26
IH|IHM|IMH,mm,extra_port,100,56,fixed_each,123,IH3,IH3!I26
IH|IHM|IMH,mm,rod_gland_drain,100,70,fixed,531,IH3,IH3!C27
IH|IHM|IMH,mm,air_bleed,100,70,fixed_each,218,IH3,IH3!D27
IH|IHM|IMH,mm,prox_switch,100,70,fixed_each,600,IH3,IH3!E27
IH|IHM|IMH,mm,brass_wiper,100,70,fixed,620,IH3,IH3!F27
IH|IHM|IMH,mm,viton_highload_metric,100,70,rod,278,IH3,IH3!G27
IH|IHM|IMH,mm,viton_highload_metric,100,70,piston,550,IH3,IH3!H27
IH|IHM|IMH,mm,extra_port,100,70,fixed_each,123,IH3,IH3!I27
IH|IHM|IMH,mm,rod_gland_drain,125,56,fixed,559,IH3,IH3!C28
IH|IHM|IMH,mm,air_bleed,125,56,fixed_each,218,IH3,IH3!D28
IH|IHM|IMH,mm,prox_switch,125,56,fixed_each,600,IH3,IH3!E28
IH|IHM|IMH,mm,brass_wiper,125,56,fixed,681,IH3,IH3!F28
IH|IHM|IMH,mm,viton_highload_metric,125,56,rod,326,IH3,IH3!G28
IH|IHM|IMH,mm,viton_highload_metric,125,56,piston,550,IH3,IH3!H28
IH|IHM|IMH,mm,extra_port,125,56,fixed_each,123,IH3,IH3!I28
IH|IHM|IMH,mm,rod_gland_drain,125,70,fixed,488,IH3,IH3!C29
IH|IHM|IMH,mm,air_bleed,125,70,fixed_each,226,IH3,IH3!D29
IH|IHM|IMH,mm,prox_switch,125,70,fixed_each,600,IH3,IH3!E29
IH|IHM|IMH,mm,brass_wiper,125,70,fixed,443,IH3,IH3!F29
IH|IHM|IMH,mm,viton_highload_metric,125,70,rod,230,IH3,IH3!G29
IH|IHM|IMH,mm,viton_highload_metric,125,70,piston,616,IH3,IH3!H29
IH|IHM|IMH,mm,extra_port,125,70,fixed_each,135,IH3,IH3!I29
IH|IHM|IMH,mm,rod_gland_drain,125,90,fixed,531,IH3,IH3!C30
IH|IHM|IMH,mm,air_bleed,125,90,fixed_each,226,IH3,IH3!D30
IH|IHM|IMH,mm,prox_switch,125,90,fixed_each,600,IH3,IH3!E30
IH|IHM|IMH,mm,brass_wiper,125,90,fixed,620,IH3,IH3!F30
IH|IHM|IMH,mm,viton_highload_metric,125,90,rod,278,IH3,IH3!G30
IH|IHM|IMH,mm,viton_highload_metric,125,90,piston,616,IH3,IH3!H30
IH|IHM|IMH,mm,extra_port,125,90,fixed_each,135,IH3,IH3!I30
IH|IHM|IMH,mm,rod_gland_drain,160,70,fixed,576,IH3,IH3!C31
IH|IHM|IMH,mm,air_bleed,160,70,fixed_each,226,IH3,IH3!D31
IH|IHM|IMH,mm,prox_switch,160,70,fixed_each,600,IH3,IH3!E31
IH|IHM|IMH,mm,brass_wiper,160,70,fixed,681,IH3,IH3!F31
IH|IHM|IMH,mm,viton_highload_metric,160,70,rod,326,IH3,IH3!G31
IH|IHM|IMH,mm,viton_highload_metric,160,70,piston,616,IH3,IH3!H31
IH|IHM|IMH,mm,extra_port,160,70,fixed_each,135,IH3,IH3!I31
IH|IHM|IMH,mm,rod_gland_drain,160,90,fixed,728,IH3,IH3!C32
IH|IHM|IMH,mm,air_bleed,160,90,fixed_each,226,IH3,IH3!D32
IH|IHM|IMH,mm,prox_switch,160,90,fixed_each,600,IH3,IH3!E32
IH|IHM|IMH,mm,brass_wiper,160,90,fixed,748,IH3,IH3!F32
IH|IHM|IMH,mm,viton_highload_metric,160,90,rod,371,IH3,IH3!G32
IH|IHM|IMH,mm,viton_highload_metric,160,90,piston,616,IH3,IH3!H32
IH|IHM|IMH,mm,extra_port,160,90,fixed_each,135,IH3,IH3!I32
IH|IHM|IMH,mm,rod_gland_drain,160,110,fixed,840,IH3,IH3!C33
IH|IHM|IMH,mm,air_bleed,160,110,fixed_each,226,IH3,IH3!D33
IH|IHM|IMH,mm,prox_switch,160,110,fixed_each,600,IH3,IH3!E33
IH|IHM|IMH,mm,brass_wiper,160,110,fixed,823,IH3,IH3!F33
IH|IHM|IMH,mm,viton_highload_metric,160,110,rod,423,IH3,IH3!G33
IH|IHM|IMH,mm,viton_highload_metric,160,110,piston,616,IH3,IH3!H33
IH|IHM|IMH,mm,extra_port,160,110,fixed_each,135,IH3,IH3!I33
IH|IHM|IMH,mm,rod_gland_drain,200,90,fixed,531,IH3,IH3!C34
IH|IHM|IMH,mm,air_bleed,200,90,fixed_each,237,IH3,IH3!D34
IH|IHM|IMH,mm,prox_switch,200,90,fixed_each,600,IH3,IH3!E34
IH|IHM|IMH,mm,brass_wiper,200,90,fixed,620,IH3,IH3!F34
IH|IHM|IMH,mm,viton_highload_metric,200,90,rod,278,IH3,IH3!G34
IH|IHM|IMH,mm,viton_highload_metric,200,90,piston,821,IH3,IH3!H34
IH|IHM|IMH,mm,extra_port,200,90,fixed_each,143,IH3,IH3!I34
IH|IHM|IMH,mm,rod_gland_drain,200,110,fixed,576,IH3,IH3!C35
IH|IHM|IMH,mm,air_bleed,200,110,fixed_each,237,IH3,IH3!D35
IH|IHM|IMH,mm,prox_switch,200,110,fixed_each,600,IH3,IH3!E35
IH|IHM|IMH,mm,brass_wiper,200,110,fixed,681,IH3,IH3!F35
IH|IHM|IMH,mm,viton_highload_metric,200,110,rod,326,IH3,IH3!G35
IH|IHM|IMH,mm,viton_highload_metric,200,110,piston,821,IH3,IH3!H35
IH|IHM|IMH,mm,extra_port,200,110,fixed_each,143,IH3,IH3!I35
IH|IHM|IMH,mm,rod_gland_drain,200,140,fixed,728,IH3,IH3!C36
IH|IHM|IMH,mm,air_bleed,200,140,fixed_each,237,IH3,IH3!D36
IH|IHM|IMH,mm,prox_switch,200,140,fixed_each,600,IH3,IH3!E36
IH|IHM|IMH,mm,brass_wiper,200,140,fixed,748,IH3,IH3!F36
IH|IHM|IMH,mm,viton_highload_metric,200,140,rod,371,IH3,IH3!G36
IH|IHM|IMH,mm,viton_highload_metric,200,140,piston,821,IH3,IH3!H36
IH|IHM|IMH,mm,extra_port,200,140,fixed_each,143,IH3,IH3!I36
IH|IHM|IMH,mm,flange_port,25,12,fixed_each,212,IH4,IH4!C8
IH|IHM|IMH,mm,extra_tie_rod,25,12,per_length,0.5,IH4,IH4!D8
IH|IHM|IMH,mm,cipr,25,12,fixed,36,IH4,IH4!E8
IH|IHM|IMH,mm,ultraox,25,12,base,344,IH4,IH4!F8
IH|IHM|IMH,mm,ultraox,25,12,per_stroke,0.8,IH4,IH4!G8
IH|IHM|IMH,mm,buna_highload_seals,25,12,buna,21,IH4,IH4!H8
IH|IHM|IMH,mm,buna_highload_seals,25,12,high_load,35,IH4,IH4!I8
IH|IHM|IMH,mm,thick_head,25,12,fixed_each,898,IH4,IH4!J8
IH|IHM|IMH,mm,flange_port,25,18,fixed_each,212,IH4,IH4!C9
IH|IHM|IMH,mm,extra_tie_rod,25,18,per_length,0.5,IH4,IH4!D9
IH|IHM|IMH,mm,cipr,25,18,fixed,36,IH4,IH4!E9
IH|IHM|IMH,mm,ultraox,25,18,base,344,IH4,IH4!F9
IH|IHM|IMH,mm,ultraox,25,18,per_stroke,0.8,IH4,IH4!G9
IH|IHM|IMH,mm,buna_highload_seals,25,18,buna,24,IH4,IH4!H9
IH|IHM|IMH,mm,buna_highload_seals,25,18,high_load,35,IH4,IH4!I9
IH|IHM|IMH,mm,thick_head,25,18,fixed_each,898,IH4,IH4!J9
IH|IHM|IMH,mm,flange_port,32,14,fixed_each,218,IH4,IH4!C10
IH|IHM|IMH,mm,extra_tie_rod,32,14,per_length,0.55,IH4,IH4!D10
IH|IHM|IMH,mm,cipr,32,14,fixed,46,IH4,IH4!E10
IH|IHM|IMH,mm,ultraox,32,14,base,344,IH4,IH4!F10
IH|IHM|IMH,mm,ultraox,32,14,per_stroke,0.8,IH4,IH4!G10
IH|IHM|IMH,mm,buna_highload_seals,32,14,buna,24,IH4,IH4!H10
IH|IHM|IMH,mm,buna_highload_seals,32,14,high_load,41,IH4,IH4!I10
IH|IHM|IMH,mm,thick_head,32,14,fixed_each,944,IH4,IH4!J10
IH|IHM|IMH,mm,flange_port,32,18,fixed_each,218,IH4,IH4!C11
IH|IHM|IMH,mm,extra_tie_rod,32,18,per_length,0.55,IH4,IH4!D11
IH|IHM|IMH,mm,cipr,32,18,fixed,46,IH4,IH4!E11
IH|IHM|IMH,mm,ultraox,32,18,base,360,IH4,IH4!F11
IH|IHM|IMH,mm,ultraox,32,18,per_stroke,0.8,IH4,IH4!G11
IH|IHM|IMH,mm,buna_highload_seals,32,18,buna,30,IH4,IH4!H11
IH|IHM|IMH,mm,buna_highload_seals,32,18,high_load,41,IH4,IH4!I11
IH|IHM|IMH,mm,thick_head,32,18,fixed_each,944,IH4,IH4!J11
IH|IHM|IMH,mm,flange_port,32,22,fixed_each,218,IH4,IH4!C12
IH|IHM|IMH,mm,extra_tie_rod,32,22,per_length,0.55,IH4,IH4!D12
IH|IHM|IMH,mm,cipr,32,22,fixed,53,IH4,IH4!E12
IH|IHM|IMH,mm,ultraox,32,22,base,360,IH4,IH4!F12
IH|IHM|IMH,mm,ultraox,32,22,per_stroke,0.9,IH4,IH4!G12
IH|IHM|IMH,mm,buna_highload_seals,32,22,buna,24,IH4,IH4!H12
IH|IHM|IMH,mm,buna_highload_seals,32,22,high_load,45,IH4,IH4!I12
IH|IHM|IMH,mm,thick_head,32,22,fixed_each,998,IH4,IH4!J12
IH|IHM|IMH,mm,flange_port,40,18,fixed_each,218,IH4,IH4!C13
IH|IHM|IMH,mm,extra_tie_rod,40,18,per_length,0.55,IH4,IH4!D13
IH|IHM|IMH,mm,cipr,40,18,fixed,53,IH4,IH4!E13
IH|IHM|IMH,mm,ultraox,40,18,base,480,IH4,IH4!F13
IH|IHM|IMH,mm,ultraox,40,18,per_stroke,0.9,IH4,IH4!G13
IH|IHM|IMH,mm,buna_highload_seals,40,18,buna,30,IH4,IH4!H13
IH|IHM|IMH,mm,buna_highload_seals,40,18,high_load,45,IH4,IH4!I13
IH|IHM|IMH,mm,thick_head,40,18,fixed_each,998,IH4,IH4!J13
IH|IHM|IMH,mm,flange_port,40,22,fixed_each,218,IH4,IH4!C14
IH|IHM|IMH,mm,extra_tie_rod,40,22,per_length,0.55,IH4,IH4!D14
IH|IHM|IMH,mm,cipr,40,22,fixed,53,IH4,IH4!E14
IH|IHM|IMH,mm,ultraox,40,22,base,480,IH4,IH4!F14
IH|IHM|IMH,mm,ultraox,40,22,per_stroke,0.9,IH4,IH4!G14
IH|IHM|IMH,mm,buna_highload_seals,40,22,buna,36,IH4,IH4!H14
IH|IHM|IMH,mm,buna_highload_seals,40,22,high_load,45,IH4,IH4!I14
IH|IHM|IMH,mm,thick_head,40,22,fixed_each,998,IH4,IH4!J14
IH|IHM|IMH,mm,flange_port,40,28,fixed_each,218,IH4,IH4!C15
IH|IHM|IMH,mm,extra_tie_rod,40,28,per_length,0.55,IH4,IH4!D15
IH|IHM|IMH,mm,cipr,40,28,fixed,69,IH4,IH4!E15
IH|IHM|IMH,mm,ultraox,40,28,base,480,IH4,IH4!F15
IH|IHM|IMH,mm,ultraox,40,28,per_stroke,0.9,IH4,IH4!G15
IH|IHM|IMH,mm,buna_highload_seals,40,28,buna,30,IH4,IH4!H15
IH|IHM|IMH,mm,buna_highload_seals,40,28,high_load,63,IH4,IH4!I15
IH|IHM|IMH,mm,thick_head,40,28,fixed_each,1053,IH4,IH4!J15
IH|IHM|IMH,mm,flange_port,50,22,fixed_each,218,IH4,IH4!C16
IH|IHM|IMH,mm,extra_tie_rod,50,22,per_length,0.55,IH4,IH4!D16
IH|IHM|IMH,mm,cipr,50,22,fixed,69,IH4,IH4!E16
IH|IHM|IMH,mm,ultraox,50,22,base,480,IH4,IH4!F16
IH|IHM|IMH,mm,ultraox,50,22,per_stroke,0.9,IH4,IH4!G16
IH|IHM|IMH,mm,buna_highload_seals,50,22,buna,36,IH4,IH4!H16
IH|IHM|IMH,mm,buna_highload_seals,50,22,high_load,63,IH4,IH4!I16
IH|IHM|IMH,mm,thick_head,50,22,fixed_each,1053,IH4,IH4!J16
IH|IHM|IMH,mm,flange_port,50,28,fixed_each,218,IH4,IH4!C17
IH|IHM|IMH,mm,extra_tie_rod,50,28,per_length,0.55,IH4,IH4!D17
IH|IHM|IMH,mm,cipr,50,28,fixed,69,IH4,IH4!E17
IH|IHM|IMH,mm,ultraox,50,28,base,548,IH4,IH4!F17
IH|IHM|IMH,mm,ultraox,50,28,per_stroke,0.9,IH4,IH4!G17
IH|IHM|IMH,mm,buna_highload_seals,50,28,buna,41,IH4,IH4!H17
IH|IHM|IMH,mm,buna_highload_seals,50,28,high_load,63,IH4,IH4!I17
IH|IHM|IMH,mm,thick_head,50,28,fixed_each,1053,IH4,IH4!J17
IH|IHM|IMH,mm,flange_port,50,36,fixed_each,218,IH4,IH4!C18
IH|IHM|IMH,mm,extra_tie_rod,50,36,per_length,0.55,IH4,IH4!D18
IH|IHM|IMH,mm,cipr,50,36,fixed,87,IH4,IH4!E18
IH|IHM|IMH,mm,ultraox,50,36,base,548,IH4,IH4!F18
IH|IHM|IMH,mm,ultraox,50,36,per_stroke,1.05,IH4,IH4!G18
IH|IHM|IMH,mm,buna_highload_seals,50,36,buna,36,IH4,IH4!H18
IH|IHM|IMH,mm,buna_highload_seals,50,36,high_load,74,IH4,IH4!I18
IH|IHM|IMH,mm,thick_head,50,36,fixed_each,1157,IH4,IH4!J18
IH|IHM|IMH,mm,flange_port,63,28,fixed_each,218,IH4,IH4!C19
IH|IHM|IMH,mm,extra_tie_rod,63,28,per_length,0.55,IH4,IH4!D19
IH|IHM|IMH,mm,cipr,63,28,fixed,87,IH4,IH4!E19
IH|IHM|IMH,mm,ultraox,63,28,base,548,IH4,IH4!F19
IH|IHM|IMH,mm,ultraox,63,28,per_stroke,1.05,IH4,IH4!G19
IH|IHM|IMH,mm,buna_highload_seals,63,28,buna,41,IH4,IH4!H19
IH|IHM|IMH,mm,buna_highload_seals,63,28,high_load,74,IH4,IH4!I19
IH|IHM|IMH,mm,thick_head,63,28,fixed_each,1157,IH4,IH4!J19
IH|IHM|IMH,mm,flange_port,63,36,fixed_each,218,IH4,IH4!C20
IH|IHM|IMH,mm,extra_tie_rod,63,36,per_length,0.55,IH4,IH4!D20
IH|IHM|IMH,mm,cipr,63,36,fixed,87,IH4,IH4!E20
IH|IHM|IMH,mm,ultraox,63,36,base,568,IH4,IH4!F20
IH|IHM|IMH,mm,ultraox,63,36,per_stroke,1.05,IH4,IH4!G20
IH|IHM|IMH,mm,buna_highload_seals,63,36,buna,48,IH4,IH4!H20
IH|IHM|IMH,mm,buna_highload_seals,63,36,high_load,74,IH4,IH4!I20
IH|IHM|IMH,mm,thick_head,63,36,fixed_each,1157,IH4,IH4!J20
IH|IHM|IMH,mm,flange_port,63,45,fixed_each,218,IH4,IH4!C21
IH|IHM|IMH,mm,extra_tie_rod,63,45,per_length,0.6,IH4,IH4!D21
IH|IHM|IMH,mm,cipr,63,45,fixed,104,IH4,IH4!E21
IH|IHM|IMH,mm,ultraox,63,45,base,568,IH4,IH4!F21
IH|IHM|IMH,mm,ultraox,63,45,per_stroke,1.05,IH4,IH4!G21
IH|IHM|IMH,mm,buna_highload_seals,63,45,buna,41,IH4,IH4!H21
IH|IHM|IMH,mm,buna_highload_seals,63,45,high_load,96,IH4,IH4!I21
IH|IHM|IMH,mm,thick_head,63,45,fixed_each,1198,IH4,IH4!J21
IH|IHM|IMH,mm,flange_port,80,36,fixed_each,218,IH4,IH4!C22
IH|IHM|IMH,mm,extra_tie_rod,80,36,per_length,0.6,IH4,IH4!D22
IH|IHM|IMH,mm,cipr,80,36,fixed,104,IH4,IH4!E22
IH|IHM|IMH,mm,ultraox,80,36,base,568,IH4,IH4!F22
IH|IHM|IMH,mm,ultraox,80,36,per_stroke,1.05,IH4,IH4!G22
IH|IHM|IMH,mm,buna_highload_seals,80,36,buna,48,IH4,IH4!H22
IH|IHM|IMH,mm,buna_highload_seals,80,36,high_load,96,IH4,IH4!I22
IH|IHM|IMH,mm,thick_head,80,36,fixed_each,1198,IH4,IH4!J22
IH|IHM|IMH,mm,flange_port,80,45,fixed_each,218,IH4,IH4!C23
IH|IHM|IMH,mm,extra_tie_rod,80,45,per_length,0.6,IH4,IH4!D23
IH|IHM|IMH,mm,cipr,80,45,fixed,104,IH4,IH4!E23
IH|IHM|IMH,mm,ultraox,80,45,base,568,IH4,IH4!F23
IH|IHM|IMH,mm,ultraox,80,45,per_stroke,1.05,IH4,IH4!G23
IH|IHM|IMH,mm,buna_highload_seals,80,45,buna,62,IH4,IH4!H23
IH|IHM|IMH,mm,buna_highload_seals,80,45,high_load,96,IH4,IH4!I23
IH|IHM|IMH,mm,thick_head,80,45,fixed_each,1198,IH4,IH4!J23
IH|IHM|IMH,mm,flange_port,80,56,fixed_each,218,IH4,IH4!C24
IH|IHM|IMH,mm,extra_tie_rod,80,56,per_length,0.6,IH4,IH4!D24
IH|IHM|IMH,mm,cipr,80,56,fixed,104,IH4,IH4!E24
IH|IHM|IMH,mm,ultraox,80,56,base,1148,IH4,IH4!F24
IH|IHM|IMH,mm,ultraox,80,56,per_stroke,1.05,IH4,IH4!G24
IH|IHM|IMH,mm,buna_highload_seals,80,56,buna,74,IH4,IH4!H24
IH|IHM|IMH,mm,buna_highload_seals,80,56,high_load,96,IH4,IH4!I24
IH|IHM|IMH,mm,thick_head,80,56,fixed_each,1198,IH4,IH4!J24
IH|IHM|IMH,mm,flange_port,100,45,fixed_each,236,IH4,IH4!C25
IH|IHM|IMH,mm,extra_tie_rod,100,45,per_length,0.85,IH4,IH4!D25
IH|IHM|IMH,mm,cipr,100,45,fixed,117,IH4,IH4!E25
IH|IHM|IMH,mm,ultraox,100,45,base,1148,IH4,IH4!F25
IH|IHM|IMH,mm,ultraox,100,45,per_stroke,1.2,IH4,IH4!G25
IH|IHM|IMH,mm,buna_highload_seals,100,45,buna,48,IH4,IH4!H25
IH|IHM|IMH,mm,buna_highload_seals,100,45,high_load,114,IH4,IH4!I25
IH|IHM|IMH,mm,thick_head,100,45,fixed_each,1238,IH4,IH4!J25
IH|IHM|IMH,mm,flange_port,100,56,fixed_each,236,IH4,IH4!C26
IH|IHM|IMH,mm,extra_tie_rod,100,56,per_length,0.85,IH4,IH4!D26
IH|IHM|IMH,mm,cipr,100,56,fixed,117,IH4,IH4!E26
IH|IHM|IMH,mm,ultraox,100,56,base,1148,IH4,IH4!F26
IH|IHM|IMH,mm,ultraox,100,56,per_stroke,1.2,IH4,IH4!G26
IH|IHM|IMH,mm,buna_highload_seals,100,56,buna,62,IH4,IH4!H26
IH|IHM|IMH,mm,buna_highload_seals,100,56,high_load,114,IH4,IH4!I26
IH|IHM|IMH,mm,thick_head,100,56,fixed_each,1238,IH4,IH4!J26
IH|IHM|IMH,mm,flange_port,100,70,fixed_each,236,IH4,IH4!C27
IH|IHM|IMH,mm,extra_tie_rod,100,70,per_length,0.85,IH4,IH4!D27
IH|IHM|IMH,mm,cipr,100,70,fixed,117,IH4,IH4!E27
IH|IHM|IMH,mm,ultraox,100,70,base,1148,IH4,IH4!F27
IH|IHM|IMH,mm,ultraox,100,70,per_stroke,1.2,IH4,IH4!G27
IH|IHM|IMH,mm,buna_highload_seals,100,70,buna,74,IH4,IH4!H27
IH|IHM|IMH,mm,buna_highload_seals,100,70,high_load,114,IH4,IH4!I27
IH|IHM|IMH,mm,thick_head,100,70,fixed_each,1238,IH4,IH4!J27
IH|IHM|IMH,mm,flange_port,125,56,fixed_each,236,IH4,IH4!C28
IH|IHM|IMH,mm,extra_tie_rod,125,56,per_length,0.85,IH4,IH4!D28
IH|IHM|IMH,mm,cipr,125,56,fixed,117,IH4,IH4!E28
IH|IHM|IMH,mm,ultraox,125,56,base,1404,IH4,IH4!F28
IH|IHM|IMH,mm,ultraox,125,56,per_stroke,1.2,IH4,IH4!G28
IH|IHM|IMH,mm,buna_highload_seals,125,56,buna,80,IH4,IH4!H28
IH|IHM|IMH,mm,buna_highload_seals,125,56,high_load,114,IH4,IH4!I28
IH|IHM|IMH,mm,thick_head,125,56,fixed_each,1238,IH4,IH4!J28
IH|IHM|IMH,mm,flange_port,125,70,fixed_each,270,IH4,IH4!C29
IH|IHM|IMH,mm,extra_tie_rod,125,70,per_length,0.9,IH4,IH4!D29
IH|IHM|IMH,mm,cipr,125,70,fixed,134,IH4,IH4!E29
IH|IHM|IMH,mm,ultraox,125,70,base,1404,IH4,IH4!F29
IH|IHM|IMH,mm,ultraox,125,70,per_stroke,1.5,IH4,IH4!G29
IH|IHM|IMH,mm,buna_highload_seals,125,70,buna,62,IH4,IH4!H29
IH|IHM|IMH,mm,buna_highload_seals,125,70,high_load,231,IH4,IH4!I29
IH|IHM|IMH,mm,thick_head,125,70,fixed_each,1416,IH4,IH4!J29
IH|IHM|IMH,mm,flange_port,125,90,fixed_each,270,IH4,IH4!C30
IH|IHM|IMH,mm,extra_tie_rod,125,90,per_length,0.9,IH4,IH4!D30
IH|IHM|IMH,mm,cipr,125,90,fixed,134,IH4,IH4!E30
IH|IHM|IMH,mm,ultraox,125,90,base,1404,IH4,IH4!F30
IH|IHM|IMH,mm,ultraox,125,90,per_stroke,1.5,IH4,IH4!G30
IH|IHM|IMH,mm,buna_highload_seals,125,90,buna,74,IH4,IH4!H30
IH|IHM|IMH,mm,buna_highload_seals,125,90,high_load,231,IH4,IH4!I30
IH|IHM|IMH,mm,thick_head,125,90,fixed_each,1416,IH4,IH4!J30
IH|IHM|IMH,mm,flange_port,160,70,fixed_each,270,IH4,IH4!C31
IH|IHM|IMH,mm,extra_tie_rod,160,70,per_length,0.9,IH4,IH4!D31
IH|IHM|IMH,mm,cipr,160,70,fixed,134,IH4,IH4!E31
IH|IHM|IMH,mm,ultraox,160,70,base,1404,IH4,IH4!F31
IH|IHM|IMH,mm,ultraox,160,70,per_stroke,1.5,IH4,IH4!G31
IH|IHM|IMH,mm,buna_highload_seals,160,70,buna,80,IH4,IH4!H31
IH|IHM|IMH,mm,buna_highload_seals,160,70,high_load,231,IH4,IH4!I31
IH|IHM|IMH,mm,thick_head,160,70,fixed_each,1416,IH4,IH4!J31
IH|IHM|IMH,mm,flange_port,160,90,fixed_each,270,IH4,IH4!C32
IH|IHM|IMH,mm,extra_tie_rod,160,90,per_length,0.9,IH4,IH4!D32
IH|IHM|IMH,mm,cipr,160,90,fixed,134,IH4,IH4!E32
IH|IHM|IMH,mm,ultraox,160,90,base,1404,IH4,IH4!F32
IH|IHM|IMH,mm,ultraox,160,90,per_stroke,1.5,IH4,IH4!G32
IH|IHM|IMH,mm,buna_highload_seals,160,90,buna,86,IH4,IH4!H32
IH|IHM|IMH,mm,buna_highload_seals,160,90,high_load,231,IH4,IH4!I32
IH|IHM|IMH,mm,thick_head,160,90,fixed_each,1416,IH4,IH4!J32
IH|IHM|IMH,mm,flange_port,160,110,fixed_each,270,IH4,IH4!C33
IH|IHM|IMH,mm,extra_tie_rod,160,110,per_length,0.9,IH4,IH4!D33
IH|IHM|IMH,mm,cipr,160,110,fixed,134,IH4,IH4!E33
IH|IHM|IMH,mm,ultraox,160,110,base,2112,IH4,IH4!F33
IH|IHM|IMH,mm,ultraox,160,110,per_stroke,1.5,IH4,IH4!G33
IH|IHM|IMH,mm,buna_highload_seals,160,110,buna,125,IH4,IH4!H33
IH|IHM|IMH,mm,buna_highload_seals,160,110,high_load,231,IH4,IH4!I33
IH|IHM|IMH,mm,thick_head,160,110,fixed_each,1416,IH4,IH4!J33
IH|IHM|IMH,mm,flange_port,200,90,fixed_each,281,IH4,IH4!C34
IH|IHM|IMH,mm,extra_tie_rod,200,90,per_length,1.05,IH4,IH4!D34
IH|IHM|IMH,mm,cipr,200,90,fixed,167,IH4,IH4!E34
IH|IHM|IMH,mm,ultraox,200,90,base,2112,IH4,IH4!F34
IH|IHM|IMH,mm,ultraox,200,90,per_stroke,2.25,IH4,IH4!G34
IH|IHM|IMH,mm,buna_highload_seals,200,90,buna,74,IH4,IH4!H34
IH|IHM|IMH,mm,buna_highload_seals,200,90,high_load,263,IH4,IH4!I34
IH|IHM|IMH,mm,thick_head,200,90,fixed_each,1562,IH4,IH4!J34
IH|IHM|IMH,mm,flange_port,200,110,fixed_each,281,IH4,IH4!C35
IH|IHM|IMH,mm,extra_tie_rod,200,110,per_length,1.05,IH4,IH4!D35
IH|IHM|IMH,mm,cipr,200,110,fixed,167,IH4,IH4!E35
IH|IHM|IMH,mm,ultraox,200,110,base,2112,IH4,IH4!F35
IH|IHM|IMH,mm,ultraox,200,110,per_stroke,2.25,IH4,IH4!G35
IH|IHM|IMH,mm,buna_highload_seals,200,110,buna,80,IH4,IH4!H35
IH|IHM|IMH,mm,buna_highload_seals,200,110,high_load,263,IH4,IH4!I35
IH|IHM|IMH,mm,thick_head,200,110,fixed_each,1562,IH4,IH4!J35
IH|IHM|IMH,mm,flange_port,200,140,fixed_each,281,IH4,IH4!C36
IH|IHM|IMH,mm,extra_tie_rod,200,140,per_length,1.05,IH4,IH4!D36
IH|IHM|IMH,mm,cipr,200,140,fixed,167,IH4,IH4!E36
IH|IHM|IMH,mm,ultraox,200,140,base,2112,IH4,IH4!F36
IH|IHM|IMH,mm,ultraox,200,140,per_stroke,2.25,IH4,IH4!G36
IH|IHM|IMH,mm,buna_highload_seals,200,140,buna,86,IH4,IH4!H36
IH|IHM|IMH,mm,buna_highload_seals,200,140,high_load,263,IH4,IH4!I36
IH|IHM|IMH,mm,thick_head,200,140,fixed_each,1562,IH4,IH4!J36
